image_path,label_path,source_dataset,source_group_id,split,provider_split,label_type,origin,classes,sha256
Samudra_Prahari_Dataset_v2/Segmentation/images/train/synth_net_0000.jpg,Samudra_Prahari_Dataset_v2/Segmentation/labels/train/synth_net_0000.txt,synth_net,synth_net_0000,train,train,mask,synthetic,ghost_net,a96849415977a5a7d12feb39bc41736f4f8b72eb2ab1089cf02536cc4ee78e7c
Samudra_Prahari_Dataset_v2/Segmentation/images/train/synth_net_0002.jpg,Samudra_Prahari_Dataset_v2/Segmentation/labels/train/synth_net_0002.txt,synth_net,synth_net_0002,train,train,mask,synthetic,ghost_net,d55d11d89bccdfe49077aafe2168efbd9ebb929d2405c60d772e596199ffa283
Samudra_Prahari_Dataset_v2/Segmentation/images/train/synth_net_0003.jpg,Samudra_Prahari_Dataset_v2/Segmentation/labels/train/synth_net_0003.txt,synth_net,synth_net_0003,train,train,mask,synthetic,ghost_net,f8153c2509d4eba9c9fb21f26aad7c0e54562cd9ecce5194aaf836e5f1291bf6
Samudra_Prahari_Dataset_v2/Segmentation/images/train/synth_net_0004.jpg,Samudra_Prahari_Dataset_v2/Segmentation/labels/train/synth_net_0004.txt,synth_net,synth_net_0004,train,train,mask,synthetic,ghost_net,57b86f6865a8995a07a3714216dc0121c7a914a1c0a0555b3be950c9240e716a
Samudra_Prahari_Dataset_v2/Segmentation/images/train/synth_net_0007.jpg,Samudra_Prahari_Dataset_v2/Segmentation/labels/train/synth_net_0007.txt,synth_net,synth_net_0007,train,train,mask,synthetic,ghost_net,f7f82121db72459dc554c0dee31c8035a71a89ccc9aa4a36e30dc3f77846a398
Samudra_Prahari_Dataset_v2/Segmentation/images/train/synth_net_0008.jpg,Samudra_Prahari_Dataset_v2/Segmentation/labels/train/synth_net_0008.txt,synth_net,synth_net_0008,test,train,mask,synthetic,ghost_net,83a9a56c8d710d6bd891cc9179301ebf4fb2d9b0ce6a9c9ad694d71f642025c5
Samudra_Prahari_Dataset_v2/Segmentation/images/train/synth_net_0009.jpg,Samudra_Prahari_Dataset_v2/Segmentation/labels/train/synth_net_0009.txt,synth_net,synth_net_0009,test,train,mask,synthetic,ghost_net,a59a1d37414d0847dbb1523ec9e0ddeaf427494194c8b297b2707bd42ca290c9
Samudra_Prahari_Dataset_v2/Segmentation/images/train/synth_net_0010.jpg,Samudra_Prahari_Dataset_v2/Segmentation/labels/train/synth_net_0010.txt,synth_net,synth_net_0010,train,train,mask,synthetic,ghost_net,57984c81693151659888b2e780790739ba3ddc92700625b503d4a2fdafc30895
Samudra_Prahari_Dataset_v2/Segmentation/images/train/synth_net_0011.jpg,Samudra_Prahari_Dataset_v2/Segmentation/labels/train/synth_net_0011.txt,synth_net,synth_net_0011,val,train,mask,synthetic,ghost_net,dd51b85b9af65056b5c7a5e5d766d416eed4039bf96900191af1fe90d2c4d233
Samudra_Prahari_Dataset_v2/Segmentation/images/train/synth_net_0012.jpg,Samudra_Prahari_Dataset_v2/Segmentation/labels/train/synth_net_0012.txt,synth_net,synth_net_0012,val,train,mask,synthetic,ghost_net,d0a276713431beb5018a6a074edffa49b0e084b03662a92d7c28f26911626000
Samudra_Prahari_Dataset_v2/Segmentation/images/train/synth_net_0013.jpg,Samudra_Prahari_Dataset_v2/Segmentation/labels/train/synth_net_0013.txt,synth_net,synth_net_0013,train,train,mask,synthetic,ghost_net,e4a3ed3fd829a72dd372a0fc46f0cb8f935c7022d3aa321e3fbee7ac5f3e840f
Samudra_Prahari_Dataset_v2/Segmentation/images/train/synth_net_0014.jpg,Samudra_Prahari_Dataset_v2/Segmentation/labels/train/synth_net_0014.txt,synth_net,synth_net_0014,train,train,mask,synthetic,ghost_net,3383272075cb9f38764b3a6139af432444884c007a89ec4849bc4505fd85e54d
Samudra_Prahari_Dataset_v2/Segmentation/images/train/synth_net_0015.jpg,Samudra_Prahari_Dataset_v2/Segmentation/labels/train/synth_net_0015.txt,synth_net,synth_net_0015,train,train,mask,synthetic,ghost_net,df795c07f84afdec578e4833a716b55d49ff18bd05b7c9a4195ec8788b913447
Samudra_Prahari_Dataset_v2/Segmentation/images/train/synth_net_0016.jpg,Samudra_Prahari_Dataset_v2/Segmentation/labels/train/synth_net_0016.txt,synth_net,synth_net_0016,train,train,mask,synthetic,ghost_net,25cfc640f11554bf95af6ffc5a08c25da7812e30ffbd03b11f2ff395e0c00cec
Samudra_Prahari_Dataset_v2/Segmentation/images/train/synth_net_0017.jpg,Samudra_Prahari_Dataset_v2/Segmentation/labels/train/synth_net_0017.txt,synth_net,synth_net_0017,train,train,mask,synthetic,ghost_net,1d8064d763faa8aae86a308d4cae8802759467cd2f75d3b448bb072584eb3cca
Samudra_Prahari_Dataset_v2/Segmentation/images/train/synth_net_0018.jpg,Samudra_Prahari_Dataset_v2/Segmentation/labels/train/synth_net_0018.txt,synth_net,synth_net_0018,train,train,mask,synthetic,ghost_net,8a9735871bfd3cb8e7cb198c4e58c296c5e4f6a19157525399407bb3c07ab427
Samudra_Prahari_Dataset_v2/Segmentation/images/train/synth_net_0020.jpg,Samudra_Prahari_Dataset_v2/Segmentation/labels/train/synth_net_0020.txt,synth_net,synth_net_0020,train,train,mask,synthetic,ghost_net,756c63802c117a6a134fbacfcbf49953584b9e647d83a5ba176e5946c975d09a
Samudra_Prahari_Dataset_v2/Segmentation/images/train/synth_net_0021.jpg,Samudra_Prahari_Dataset_v2/Segmentation/labels/train/synth_net_0021.txt,synth_net,synth_net_0021,train,train,mask,synthetic,ghost_net,4a95186a87773f8561e1ba7d84986553efbc96945a56ac3b3851e4b8fcf961b7
Samudra_Prahari_Dataset_v2/Segmentation/images/train/synth_net_0022.jpg,Samudra_Prahari_Dataset_v2/Segmentation/labels/train/synth_net_0022.txt,synth_net,synth_net_0022,test,train,mask,synthetic,ghost_net,70f24573db755581e4d2f6ca58a80c4a5a7ff04ebed14f3ed41f0ad814ceb09e
Samudra_Prahari_Dataset_v2/Segmentation/images/train/synth_net_0023.jpg,Samudra_Prahari_Dataset_v2/Segmentation/labels/train/synth_net_0023.txt,synth_net,synth_net_0023,train,train,mask,synthetic,ghost_net,f383af6517544b4a77380bb2ac47383d32fbf63dc67186eb7fec2b116d00e55f
Samudra_Prahari_Dataset_v2/Segmentation/images/train/synth_net_0025.jpg,Samudra_Prahari_Dataset_v2/Segmentation/labels/train/synth_net_0025.txt,synth_net,synth_net_0025,train,train,mask,synthetic,ghost_net,6a6bb321d04c6310f4d57614bcf16a4b98d3c9771d69775c94f6f58ccb0b7494
Samudra_Prahari_Dataset_v2/Segmentation/images/train/synth_net_0027.jpg,Samudra_Prahari_Dataset_v2/Segmentation/labels/train/synth_net_0027.txt,synth_net,synth_net_0027,test,train,mask,synthetic,ghost_net,ecde828228bc1658932b18625dc37fa956ea48b2ec4819e659809ee19269297b
Samudra_Prahari_Dataset_v2/Segmentation/images/train/synth_net_0028.jpg,Samudra_Prahari_Dataset_v2/Segmentation/labels/train/synth_net_0028.txt,synth_net,synth_net_0028,train,train,mask,synthetic,ghost_net,3962b0eb9298ac449df695e0e16934f5c891f81002211ad13f0607bda618ec60
Samudra_Prahari_Dataset_v2/Segmentation/images/train/synth_net_0029.jpg,Samudra_Prahari_Dataset_v2/Segmentation/labels/train/synth_net_0029.txt,synth_net,synth_net_0029,train,train,mask,synthetic,ghost_net,7e8783a678f32af13f72636ca31701d937ef5da50195ec0516d28ebb71b30519
Samudra_Prahari_Dataset_v2/Segmentation/images/train/synth_net_0030.jpg,Samudra_Prahari_Dataset_v2/Segmentation/labels/train/synth_net_0030.txt,synth_net,synth_net_0030,train,train,mask,synthetic,ghost_net,65a9121d1aff23886541b62565190ca0e84a7f51c8bd43b4c75d5f07d66c5e96
Samudra_Prahari_Dataset_v2/Segmentation/images/train/synth_net_0031.jpg,Samudra_Prahari_Dataset_v2/Segmentation/labels/train/synth_net_0031.txt,synth_net,synth_net_0031,train,train,mask,synthetic,ghost_net,c1fe7eeffbf2f16ecc78df67f0e9a4a96c732789c7b03cdedb3992acf683c157
Samudra_Prahari_Dataset_v2/Segmentation/images/train/synth_net_0033.jpg,Samudra_Prahari_Dataset_v2/Segmentation/labels/train/synth_net_0033.txt,synth_net,synth_net_0033,test,train,mask,synthetic,ghost_net,04dc9c306b43448907c78a13f3ce50f93bf1a2d155d3c992b03ca0e942f846d5
Samudra_Prahari_Dataset_v2/Segmentation/images/train/synth_net_0035.jpg,Samudra_Prahari_Dataset_v2/Segmentation/labels/train/synth_net_0035.txt,synth_net,synth_net_0035,train,train,mask,synthetic,ghost_net,572560434df887affb552d7da1bd2f58bae0d9d4da5dfe1c482081dc53db53c9
Samudra_Prahari_Dataset_v2/Segmentation/images/train/synth_net_0036.jpg,Samudra_Prahari_Dataset_v2/Segmentation/labels/train/synth_net_0036.txt,synth_net,synth_net_0036,test,train,mask,synthetic,ghost_net,24e083a247cf320ffbaa00c8a0fc3b47f448ec4f7163fbd89b8802051fd2eef7
Samudra_Prahari_Dataset_v2/Segmentation/images/train/synth_net_0039.jpg,Samudra_Prahari_Dataset_v2/Segmentation/labels/train/synth_net_0039.txt,synth_net,synth_net_0039,train,train,mask,synthetic,ghost_net,92a8a7d0aa87c7559b4d25b31231ea7723b1743b0367340daf8e5c86371ea7b9
Samudra_Prahari_Dataset_v2/Segmentation/images/train/synth_net_0040.jpg,Samudra_Prahari_Dataset_v2/Segmentation/labels/train/synth_net_0040.txt,synth_net,synth_net_0040,train,train,mask,synthetic,ghost_net,446135abf6356a09e65845f4ef65386803617f6319334e106545c72c9261c77b
Samudra_Prahari_Dataset_v2/Segmentation/images/train/synth_net_0041.jpg,Samudra_Prahari_Dataset_v2/Segmentation/labels/train/synth_net_0041.txt,synth_net,synth_net_0041,train,train,mask,synthetic,ghost_net,63624b5bc12fb06a02844fdffa6959522832efb71f4cb5b5e3cf619c953da5ca
Samudra_Prahari_Dataset_v2/Segmentation/images/train/synth_net_0042.jpg,Samudra_Prahari_Dataset_v2/Segmentation/labels/train/synth_net_0042.txt,synth_net,synth_net_0042,train,train,mask,synthetic,ghost_net,3581a096d826a323829fe979e1d03695a9c6bab08a01bf559e7e94f372b0bc08
Samudra_Prahari_Dataset_v2/Segmentation/images/train/synth_net_0043.jpg,Samudra_Prahari_Dataset_v2/Segmentation/labels/train/synth_net_0043.txt,synth_net,synth_net_0043,train,train,mask,synthetic,ghost_net,a0ff4b75e73f76c86d5a25a987772d493220ffbb4ee968061f9180d8fa6b2fb6
Samudra_Prahari_Dataset_v2/Segmentation/images/train/synth_net_0044.jpg,Samudra_Prahari_Dataset_v2/Segmentation/labels/train/synth_net_0044.txt,synth_net,synth_net_0044,train,train,mask,synthetic,ghost_net,2c73ccaee026c5d5cd45e17d716fbfe442ad99ccf77d6ba6c603de13e478a68c
Samudra_Prahari_Dataset_v2/Segmentation/images/train/synth_net_0045.jpg,Samudra_Prahari_Dataset_v2/Segmentation/labels/train/synth_net_0045.txt,synth_net,synth_net_0045,train,train,mask,synthetic,ghost_net,afcfeac4871c243af18d16d683ac6f44f73178e46f033a657688fca75aa7360f
Samudra_Prahari_Dataset_v2/Segmentation/images/train/synth_net_0046.jpg,Samudra_Prahari_Dataset_v2/Segmentation/labels/train/synth_net_0046.txt,synth_net,synth_net_0046,val,train,mask,synthetic,ghost_net,9e3d85092980a8a41a28a61da6fa7f455fff577ac14d6b932de2b743a684bdf7
Samudra_Prahari_Dataset_v2/Segmentation/images/train/synth_net_0047.jpg,Samudra_Prahari_Dataset_v2/Segmentation/labels/train/synth_net_0047.txt,synth_net,synth_net_0047,val,train,mask,synthetic,ghost_net,20cc7e1e4a59e83d60ba306b26ea8c78f8b1532c729e5ec13b8e22a8640d3723
Samudra_Prahari_Dataset_v2/Segmentation/images/train/synth_net_0049.jpg,Samudra_Prahari_Dataset_v2/Segmentation/labels/train/synth_net_0049.txt,synth_net,synth_net_0049,train,train,mask,synthetic,ghost_net,5a7bc7a832498f114e6efac132020f426a8ed6979d9b28a24dd7d79548433b81
Samudra_Prahari_Dataset_v2/Segmentation/images/train/synth_net_0050.jpg,Samudra_Prahari_Dataset_v2/Segmentation/labels/train/synth_net_0050.txt,synth_net,synth_net_0050,train,train,mask,synthetic,ghost_net,a13f2c28bbff1bf405ce5a1a0f592b4994be3772dd90323ae8a0a5217ed59df3
Samudra_Prahari_Dataset_v2/Segmentation/images/train/synth_net_0051.jpg,Samudra_Prahari_Dataset_v2/Segmentation/labels/train/synth_net_0051.txt,synth_net,synth_net_0051,train,train,mask,synthetic,ghost_net,520b604de78da88d43537849999680952eb3757a7135292e363157a8d65357fc
Samudra_Prahari_Dataset_v2/Segmentation/images/train/synth_net_0052.jpg,Samudra_Prahari_Dataset_v2/Segmentation/labels/train/synth_net_0052.txt,synth_net,synth_net_0052,train,train,mask,synthetic,ghost_net,19ade51d4f6f7d31bb4c815bd721f4946468fa6fede58c1b4d73ef748c95d046
Samudra_Prahari_Dataset_v2/Segmentation/images/train/synth_net_0053.jpg,Samudra_Prahari_Dataset_v2/Segmentation/labels/train/synth_net_0053.txt,synth_net,synth_net_0053,test,train,mask,synthetic,ghost_net,0fbcec688367aa2ef51d159086bde86f5367f1d2bdf479e844261bd4f5ef7faa
Samudra_Prahari_Dataset_v2/Segmentation/images/train/synth_net_0054.jpg,Samudra_Prahari_Dataset_v2/Segmentation/labels/train/synth_net_0054.txt,synth_net,synth_net_0054,val,train,mask,synthetic,ghost_net,ee8a3b14a3296b9e50a4937aa982d8cf006e122c14f3c918d684b1686dd2e11a
Samudra_Prahari_Dataset_v2/Segmentation/images/train/synth_net_0056.jpg,Samudra_Prahari_Dataset_v2/Segmentation/labels/train/synth_net_0056.txt,synth_net,synth_net_0056,train,train,mask,synthetic,ghost_net,f646572dee38aeb27af5bfd4fbe4d8a7c2177784b25fbfb33a38635bc2fe362e
Samudra_Prahari_Dataset_v2/Segmentation/images/train/synth_net_0057.jpg,Samudra_Prahari_Dataset_v2/Segmentation/labels/train/synth_net_0057.txt,synth_net,synth_net_0057,train,train,mask,synthetic,ghost_net,251c8367acfeab2c3fd21da38adea3d322730968aa25396b460a0cf00850afb8
Samudra_Prahari_Dataset_v2/Segmentation/images/train/synth_net_0058.jpg,Samudra_Prahari_Dataset_v2/Segmentation/labels/train/synth_net_0058.txt,synth_net,synth_net_0058,val,train,mask,synthetic,ghost_net,85e4aa53ed4180308e32cee84ae963da92cdaa6d6a39365445b8837b17d62dad
Samudra_Prahari_Dataset_v2/Segmentation/images/train/synth_net_0059.jpg,Samudra_Prahari_Dataset_v2/Segmentation/labels/train/synth_net_0059.txt,synth_net,synth_net_0059,train,train,mask,synthetic,ghost_net,f658c5a5e6d4291cdda8bc7b0e06c8de8483139ede3e5a8c902fa1f7d017a2c0
Samudra_Prahari_Dataset_v2/Segmentation/images/train/synth_net_0060.jpg,Samudra_Prahari_Dataset_v2/Segmentation/labels/train/synth_net_0060.txt,synth_net,synth_net_0060,test,train,mask,synthetic,ghost_net,d3cfa6743700e1d75adc80b07a0238f9ec60537a257618fcad70b9c9636e406c
Samudra_Prahari_Dataset_v2/Segmentation/images/train/synth_net_0061.jpg,Samudra_Prahari_Dataset_v2/Segmentation/labels/train/synth_net_0061.txt,synth_net,synth_net_0061,train,train,mask,synthetic,ghost_net,3ffcb4de3411535fbd57f459fe7d804579c6321033bb75d26c38e13ce12e95dc
Samudra_Prahari_Dataset_v2/Segmentation/images/train/synth_net_0062.jpg,Samudra_Prahari_Dataset_v2/Segmentation/labels/train/synth_net_0062.txt,synth_net,synth_net_0062,train,train,mask,synthetic,ghost_net,a770fd9e805685ab2d7ca8e7dff5f68560a0dc0664be2ceef0cc9f11e1a66002
Samudra_Prahari_Dataset_v2/Segmentation/images/train/synth_net_0063.jpg,Samudra_Prahari_Dataset_v2/Segmentation/labels/train/synth_net_0063.txt,synth_net,synth_net_0063,train,train,mask,synthetic,ghost_net,da27bdf2ec0dc5d41c5fa9ba971c06e6a3c43e4c17fcb93f24af82764d3702ca
Samudra_Prahari_Dataset_v2/Segmentation/images/train/synth_net_0064.jpg,Samudra_Prahari_Dataset_v2/Segmentation/labels/train/synth_net_0064.txt,synth_net,synth_net_0064,train,train,mask,synthetic,ghost_net,0fddf6d1a458a48447ea7574bf9b85176b3d125454eef2920ffff8e91a2c70cb
Samudra_Prahari_Dataset_v2/Segmentation/images/train/synth_net_0065.jpg,Samudra_Prahari_Dataset_v2/Segmentation/labels/train/synth_net_0065.txt,synth_net,synth_net_0065,val,train,mask,synthetic,ghost_net,d6cfa8178e7ad3cd905118cad9e7aa698a337b1f600a45d46a5231193670b914
Samudra_Prahari_Dataset_v2/Segmentation/images/train/synth_net_0066.jpg,Samudra_Prahari_Dataset_v2/Segmentation/labels/train/synth_net_0066.txt,synth_net,synth_net_0066,train,train,mask,synthetic,ghost_net,9a81dd52a565f07d1e5997a247d27f562f3279d33da0a980fca0da7e72581a52
Samudra_Prahari_Dataset_v2/Segmentation/images/train/synth_net_0067.jpg,Samudra_Prahari_Dataset_v2/Segmentation/labels/train/synth_net_0067.txt,synth_net,synth_net_0067,val,train,mask,synthetic,ghost_net,11df70c12bed87b110f38b30a2bc8bc50a6fb5b353a8fcad15a167a1e2cd2628
Samudra_Prahari_Dataset_v2/Segmentation/images/train/synth_net_0068.jpg,Samudra_Prahari_Dataset_v2/Segmentation/labels/train/synth_net_0068.txt,synth_net,synth_net_0068,train,train,mask,synthetic,ghost_net,a108f3203d2f9b9f3d406dcf13ddfd24e78c7c78486da337a202b0882487a730
Samudra_Prahari_Dataset_v2/Segmentation/images/train/synth_net_0069.jpg,Samudra_Prahari_Dataset_v2/Segmentation/labels/train/synth_net_0069.txt,synth_net,synth_net_0069,train,train,mask,synthetic,ghost_net,2225d48b86d058415fb9a3cdd43918203570d97e37e1a18333383f0659b65dde
Samudra_Prahari_Dataset_v2/Segmentation/images/train/synth_net_0070.jpg,Samudra_Prahari_Dataset_v2/Segmentation/labels/train/synth_net_0070.txt,synth_net,synth_net_0070,train,train,mask,synthetic,ghost_net,cf99af11c7434d243d7374e7c8e5167ec401334e9db4f83398e4fb6761eae55c
Samudra_Prahari_Dataset_v2/Segmentation/images/train/synth_net_0071.jpg,Samudra_Prahari_Dataset_v2/Segmentation/labels/train/synth_net_0071.txt,synth_net,synth_net_0071,train,train,mask,synthetic,ghost_net,188b56759eab57d3409df4644cd0640de029f539b2ad2210a4c838627c134157
Samudra_Prahari_Dataset_v2/Segmentation/images/train/synth_net_0072.jpg,Samudra_Prahari_Dataset_v2/Segmentation/labels/train/synth_net_0072.txt,synth_net,synth_net_0072,train,train,mask,synthetic,ghost_net,0d3afa5bdd146141dfd17f876f15a33422eac3d702665492327fd782de96e44b
Samudra_Prahari_Dataset_v2/Segmentation/images/train/synth_net_0074.jpg,Samudra_Prahari_Dataset_v2/Segmentation/labels/train/synth_net_0074.txt,synth_net,synth_net_0074,train,train,mask,synthetic,ghost_net,2e9aa3248144cc89fdec73d0d7f25fdc4cf9e5ee8d22b69e68f195d475ee842a
Samudra_Prahari_Dataset_v2/Segmentation/images/train/synth_net_0075.jpg,Samudra_Prahari_Dataset_v2/Segmentation/labels/train/synth_net_0075.txt,synth_net,synth_net_0075,train,train,mask,synthetic,ghost_net,ce9ccdf6ba4814038319859f0725e128a361d8faa04c5ff6bb5b1b35c4335c9f
Samudra_Prahari_Dataset_v2/Segmentation/images/train/synth_net_0076.jpg,Samudra_Prahari_Dataset_v2/Segmentation/labels/train/synth_net_0076.txt,synth_net,synth_net_0076,train,train,mask,synthetic,ghost_net,e66bf5aa08ee8297ef473ae5274bd0e60d6d005b8edafd832bb4796a1713ab58
Samudra_Prahari_Dataset_v2/Segmentation/images/train/synth_net_0077.jpg,Samudra_Prahari_Dataset_v2/Segmentation/labels/train/synth_net_0077.txt,synth_net,synth_net_0077,train,train,mask,synthetic,ghost_net,a808a4cb0ff78859991968fb6bd5a5c9de02df519a8aa41d1d41f31f0a84b0fc
Samudra_Prahari_Dataset_v2/Segmentation/images/train/synth_net_0078.jpg,Samudra_Prahari_Dataset_v2/Segmentation/labels/train/synth_net_0078.txt,synth_net,synth_net_0078,val,train,mask,synthetic,ghost_net,4a66dc08338f37f330eec895dee6ac44e2b5f6cd41aee86407ccbac9d9faeb30
Samudra_Prahari_Dataset_v2/Segmentation/images/train/synth_net_0079.jpg,Samudra_Prahari_Dataset_v2/Segmentation/labels/train/synth_net_0079.txt,synth_net,synth_net_0079,train,train,mask,synthetic,ghost_net,88617112ea48b90ebecf8e12e4803a6d10bbcc54d7b556125661ce04a4f07da2
Samudra_Prahari_Dataset_v2/Segmentation/images/train/synth_net_0080.jpg,Samudra_Prahari_Dataset_v2/Segmentation/labels/train/synth_net_0080.txt,synth_net,synth_net_0080,train,train,mask,synthetic,ghost_net,c0f2101fb19207040e3c50673980fe58aec1435f68123de4498ab6cb29393f20
Samudra_Prahari_Dataset_v2/Segmentation/images/train/synth_net_0081.jpg,Samudra_Prahari_Dataset_v2/Segmentation/labels/train/synth_net_0081.txt,synth_net,synth_net_0081,train,train,mask,synthetic,ghost_net,4b10bfa37147152fd23cb13c6b06c7be0eee25bc85e02e5068de99afadca3ea6
Samudra_Prahari_Dataset_v2/Segmentation/images/train/synth_net_0082.jpg,Samudra_Prahari_Dataset_v2/Segmentation/labels/train/synth_net_0082.txt,synth_net,synth_net_0082,train,train,mask,synthetic,ghost_net,ba104c3e3a6a5fa4bb7ebc204c6caf42a9a56344f32e466f81f9d66fd7983c50
Samudra_Prahari_Dataset_v2/Segmentation/images/train/synth_net_0083.jpg,Samudra_Prahari_Dataset_v2/Segmentation/labels/train/synth_net_0083.txt,synth_net,synth_net_0083,train,train,mask,synthetic,ghost_net,e88fa319ee587f90f362be8c5a533f30f54d5c5e02f5f42941c768681f652b8c
Samudra_Prahari_Dataset_v2/Segmentation/images/train/synth_net_0084.jpg,Samudra_Prahari_Dataset_v2/Segmentation/labels/train/synth_net_0084.txt,synth_net,synth_net_0084,test,train,mask,synthetic,ghost_net,28e1b2ef700db9cfc0fe974f508dd9e20df7cf9513453a473db41daa004f4995
Samudra_Prahari_Dataset_v2/Segmentation/images/train/synth_net_0085.jpg,Samudra_Prahari_Dataset_v2/Segmentation/labels/train/synth_net_0085.txt,synth_net,synth_net_0085,train,train,mask,synthetic,ghost_net,91713d4bb7b5cdb41f513ad4dfaeca2aafb85b28dba6de06d203e4ab303b75cc
Samudra_Prahari_Dataset_v2/Segmentation/images/train/synth_net_0087.jpg,Samudra_Prahari_Dataset_v2/Segmentation/labels/train/synth_net_0087.txt,synth_net,synth_net_0087,test,train,mask,synthetic,ghost_net,b0b07e0f536a8514b1643012fc35e19310261120fff648b36f208966f4fec740
Samudra_Prahari_Dataset_v2/Segmentation/images/train/synth_net_0088.jpg,Samudra_Prahari_Dataset_v2/Segmentation/labels/train/synth_net_0088.txt,synth_net,synth_net_0088,train,train,mask,synthetic,ghost_net,1868b65550234f99c68f483e055ad0df029acbb3ce443da713be1c4602055035
Samudra_Prahari_Dataset_v2/Segmentation/images/train/synth_net_0090.jpg,Samudra_Prahari_Dataset_v2/Segmentation/labels/train/synth_net_0090.txt,synth_net,synth_net_0090,val,train,mask,synthetic,ghost_net,9d07dcdb75cabece271dae3b3f18f98c474f681d358a9d9912fb118ea2843502
Samudra_Prahari_Dataset_v2/Segmentation/images/train/synth_net_0091.jpg,Samudra_Prahari_Dataset_v2/Segmentation/labels/train/synth_net_0091.txt,synth_net,synth_net_0091,train,train,mask,synthetic,ghost_net,b22f3a8e84b8d4154a0daf8c49a9396701477b2c3be9d10cbb27ce1a91451115
Samudra_Prahari_Dataset_v2/Segmentation/images/train/synth_net_0092.jpg,Samudra_Prahari_Dataset_v2/Segmentation/labels/train/synth_net_0092.txt,synth_net,synth_net_0092,train,train,mask,synthetic,ghost_net,8f23de0d1778428c8431be758e03e92c9ba8594e1d732a8d26b1eca38bc4b5bd
Samudra_Prahari_Dataset_v2/Segmentation/images/train/synth_net_0093.jpg,Samudra_Prahari_Dataset_v2/Segmentation/labels/train/synth_net_0093.txt,synth_net,synth_net_0093,train,train,mask,synthetic,ghost_net,89cd827acbca4f5d69df2bc483d7b6405f5cb2d5df9d4352d51f479b10006c92
Samudra_Prahari_Dataset_v2/Segmentation/images/train/synth_net_0094.jpg,Samudra_Prahari_Dataset_v2/Segmentation/labels/train/synth_net_0094.txt,synth_net,synth_net_0094,train,train,mask,synthetic,ghost_net,c0f343bd517e4c8131c52a7791b2ee42834723866ad0e62b920304201c48527f
Samudra_Prahari_Dataset_v2/Segmentation/images/train/synth_net_0095.jpg,Samudra_Prahari_Dataset_v2/Segmentation/labels/train/synth_net_0095.txt,synth_net,synth_net_0095,train,train,mask,synthetic,ghost_net,e00878c47ba09c996eeb84cd6bb5a39a5fa1fa6d63997711cf951a5fb6e91662
Samudra_Prahari_Dataset_v2/Segmentation/images/train/synth_net_0096.jpg,Samudra_Prahari_Dataset_v2/Segmentation/labels/train/synth_net_0096.txt,synth_net,synth_net_0096,train,train,mask,synthetic,ghost_net,321ed78464525ae278a5853084758160527eddb7ff90633d6fe2e7b490503ac0
Samudra_Prahari_Dataset_v2/Segmentation/images/train/synth_net_0097.jpg,Samudra_Prahari_Dataset_v2/Segmentation/labels/train/synth_net_0097.txt,synth_net,synth_net_0097,train,train,mask,synthetic,ghost_net,6d3241e52c1240a43da69fa4843f16fe44486e247d87ee7733cd512bd527ce25
Samudra_Prahari_Dataset_v2/Segmentation/images/train/synth_net_0098.jpg,Samudra_Prahari_Dataset_v2/Segmentation/labels/train/synth_net_0098.txt,synth_net,synth_net_0098,train,train,mask,synthetic,ghost_net,c2d2e0938154375c5f7d27d89b52a9c6b616535d88bce3971844615571263580
Samudra_Prahari_Dataset_v2/Segmentation/images/train/synth_net_0099.jpg,Samudra_Prahari_Dataset_v2/Segmentation/labels/train/synth_net_0099.txt,synth_net,synth_net_0099,train,train,mask,synthetic,ghost_net,71a3a01108a2eb1be802ef0a94c4f08f04e4565e73b946265bf8385dbc680856
Samudra_Prahari_Dataset_v2/Segmentation/images/train/synth_net_0101.jpg,Samudra_Prahari_Dataset_v2/Segmentation/labels/train/synth_net_0101.txt,synth_net,synth_net_0101,train,train,mask,synthetic,ghost_net,19d8bc8504b37b5a13982b94dcf000a31763e6cd9f7a2b52da01d5e5cba8b722
Samudra_Prahari_Dataset_v2/Segmentation/images/train/synth_net_0102.jpg,Samudra_Prahari_Dataset_v2/Segmentation/labels/train/synth_net_0102.txt,synth_net,synth_net_0102,test,train,mask,synthetic,ghost_net,739004a3f40e978091900789c2c9eddf8bff53a75f859ad19ff27db0882282a2
Samudra_Prahari_Dataset_v2/Segmentation/images/train/synth_net_0104.jpg,Samudra_Prahari_Dataset_v2/Segmentation/labels/train/synth_net_0104.txt,synth_net,synth_net_0104,test,train,mask,synthetic,ghost_net,46994acf3dd205cc7d15234ff7c8e2f6ba118eb1f0c3d5f7272fd0c7de17d00d
Samudra_Prahari_Dataset_v2/Segmentation/images/train/synth_net_0108.jpg,Samudra_Prahari_Dataset_v2/Segmentation/labels/train/synth_net_0108.txt,synth_net,synth_net_0108,train,train,mask,synthetic,ghost_net,5bfec114b5d0c3fe58cb924b4da47adb13393f5a80e775a580bffb8adc9d0728
Samudra_Prahari_Dataset_v2/Segmentation/images/train/synth_net_0109.jpg,Samudra_Prahari_Dataset_v2/Segmentation/labels/train/synth_net_0109.txt,synth_net,synth_net_0109,train,train,mask,synthetic,ghost_net,44b271687f5b0adddbc7932b1a1c682a14fc97c2c3e54447f8128634e390dad4
Samudra_Prahari_Dataset_v2/Segmentation/images/train/synth_net_0110.jpg,Samudra_Prahari_Dataset_v2/Segmentation/labels/train/synth_net_0110.txt,synth_net,synth_net_0110,val,train,mask,synthetic,ghost_net,f34c81fe2e2caa140cd1755dfaf887aa28d71208f0ada6c9fe8ade2a438c8981
Samudra_Prahari_Dataset_v2/Segmentation/images/train/synth_net_0111.jpg,Samudra_Prahari_Dataset_v2/Segmentation/labels/train/synth_net_0111.txt,synth_net,synth_net_0111,train,train,mask,synthetic,ghost_net,3c2c12643c3d8b1a9fb0b89348e9ff890534e6e8aa07bf93299579baa4c21035
Samudra_Prahari_Dataset_v2/Segmentation/images/train/synth_net_0112.jpg,Samudra_Prahari_Dataset_v2/Segmentation/labels/train/synth_net_0112.txt,synth_net,synth_net_0112,train,train,mask,synthetic,ghost_net,b48b2ddf71d0b0bad811cd2cffa15adc39a4c3b3588a74bb75861c16efd2fa8f
Samudra_Prahari_Dataset_v2/Segmentation/images/train/synth_net_0114.jpg,Samudra_Prahari_Dataset_v2/Segmentation/labels/train/synth_net_0114.txt,synth_net,synth_net_0114,train,train,mask,synthetic,ghost_net,87b3e83e20214bd30e2a86c1cd050a6fb4e9d7671ecd63c995f800609eefb5df
Samudra_Prahari_Dataset_v2/Segmentation/images/train/synth_net_0116.jpg,Samudra_Prahari_Dataset_v2/Segmentation/labels/train/synth_net_0116.txt,synth_net,synth_net_0116,val,train,mask,synthetic,ghost_net,1e6a11001128015f1e4bb20ee784313213ac0f6a10d7f603e81b0f01b0b11d49
Samudra_Prahari_Dataset_v2/Segmentation/images/train/synth_net_0117.jpg,Samudra_Prahari_Dataset_v2/Segmentation/labels/train/synth_net_0117.txt,synth_net,synth_net_0117,train,train,mask,synthetic,ghost_net,285e5b6668fa5ac75cd8b0f55b5820cd98cade8abbffa8a1ac88fb588028ae3b
Samudra_Prahari_Dataset_v2/Segmentation/images/train/synth_net_0118.jpg,Samudra_Prahari_Dataset_v2/Segmentation/labels/train/synth_net_0118.txt,synth_net,synth_net_0118,train,train,mask,synthetic,ghost_net,0dfdeaca689808e22db0dacd364ea373eda7686f953564edee4244d6c6bf218a
Samudra_Prahari_Dataset_v2/Segmentation/images/train/synth_net_0119.jpg,Samudra_Prahari_Dataset_v2/Segmentation/labels/train/synth_net_0119.txt,synth_net,synth_net_0119,train,train,mask,synthetic,ghost_net,cc88446bd8b8683f4237116edb9b7c693e996d95d172c04e32ba2228ed95058f
Samudra_Prahari_Dataset_v2/Segmentation/images/train/synth_net_0121.jpg,Samudra_Prahari_Dataset_v2/Segmentation/labels/train/synth_net_0121.txt,synth_net,synth_net_0121,train,train,mask,synthetic,ghost_net,aafc20cf5220fd75d5b90500b45ad2abbb6a11b2eeeffa1f91ffd99dc762173d
Samudra_Prahari_Dataset_v2/Segmentation/images/train/synth_net_0122.jpg,Samudra_Prahari_Dataset_v2/Segmentation/labels/train/synth_net_0122.txt,synth_net,synth_net_0122,train,train,mask,synthetic,ghost_net,6a85697ce82633a55ed552c9a2204097aff5b3ae301d65865a4a732e5584d579
Samudra_Prahari_Dataset_v2/Segmentation/images/train/synth_net_0124.jpg,Samudra_Prahari_Dataset_v2/Segmentation/labels/train/synth_net_0124.txt,synth_net,synth_net_0124,val,train,mask,synthetic,ghost_net,b47fec37ad161a8b2be1759f7dd11b23deae1bca918423ea747295d5159ed7a9
Samudra_Prahari_Dataset_v2/Segmentation/images/train/synth_net_0125.jpg,Samudra_Prahari_Dataset_v2/Segmentation/labels/train/synth_net_0125.txt,synth_net,synth_net_0125,train,train,mask,synthetic,ghost_net,ed082f2d924fbc346a53bfacefed92cbcfacbacbad0266d903ae981b1eb0eea2
Samudra_Prahari_Dataset_v2/Segmentation/images/train/synth_net_0126.jpg,Samudra_Prahari_Dataset_v2/Segmentation/labels/train/synth_net_0126.txt,synth_net,synth_net_0126,test,train,mask,synthetic,ghost_net,aa058dc8163e485dd5470db26586097fffd10fee0745245f36a5cbb9760930f8
Samudra_Prahari_Dataset_v2/Segmentation/images/train/synth_net_0127.jpg,Samudra_Prahari_Dataset_v2/Segmentation/labels/train/synth_net_0127.txt,synth_net,synth_net_0127,train,train,mask,synthetic,ghost_net,4d9473cf45ad40f4d1fb908a99cc6214264383668307b318e8024ef64c1d0326
Samudra_Prahari_Dataset_v2/Segmentation/images/train/synth_net_0128.jpg,Samudra_Prahari_Dataset_v2/Segmentation/labels/train/synth_net_0128.txt,synth_net,synth_net_0128,train,train,mask,synthetic,ghost_net,8a29abca23045ad1b5e18789a7432d04701da648c7f63fdc106c96cc6ea0e8ea
Samudra_Prahari_Dataset_v2/Segmentation/images/train/synth_net_0129.jpg,Samudra_Prahari_Dataset_v2/Segmentation/labels/train/synth_net_0129.txt,synth_net,synth_net_0129,train,train,mask,synthetic,ghost_net,236ea3f40e139e03205d1c79312e2db5116b3d041cbaf53cbd01ee145aeb761b
Samudra_Prahari_Dataset_v2/Segmentation/images/train/synth_net_0130.jpg,Samudra_Prahari_Dataset_v2/Segmentation/labels/train/synth_net_0130.txt,synth_net,synth_net_0130,train,train,mask,synthetic,ghost_net,da85d655ec31bc4a871de8ad7438e15fb321ce27c12c093cacb7d41109596670
Samudra_Prahari_Dataset_v2/Segmentation/images/train/synth_net_0131.jpg,Samudra_Prahari_Dataset_v2/Segmentation/labels/train/synth_net_0131.txt,synth_net,synth_net_0131,train,train,mask,synthetic,ghost_net,c71fb731527c952cac4442fb22ce3286a8e9e65cc966b40b478953bd934be4c0
Samudra_Prahari_Dataset_v2/Segmentation/images/train/synth_net_0132.jpg,Samudra_Prahari_Dataset_v2/Segmentation/labels/train/synth_net_0132.txt,synth_net,synth_net_0132,train,train,mask,synthetic,ghost_net,844da6785972df0eea51a7d4ad904ddf743eeee381b5c18282e884c4a5bd52e8
Samudra_Prahari_Dataset_v2/Segmentation/images/train/synth_net_0134.jpg,Samudra_Prahari_Dataset_v2/Segmentation/labels/train/synth_net_0134.txt,synth_net,synth_net_0134,val,train,mask,synthetic,ghost_net,3b3c23a085937e94714ad1857081eda8bb3a643aa048d42877637048a26fc653
Samudra_Prahari_Dataset_v2/Segmentation/images/train/synth_net_0135.jpg,Samudra_Prahari_Dataset_v2/Segmentation/labels/train/synth_net_0135.txt,synth_net,synth_net_0135,test,train,mask,synthetic,ghost_net,a9b19ff0fbb56218cd017dd94b13f02880a92d74946f6bda7facc29e04f201eb
Samudra_Prahari_Dataset_v2/Segmentation/images/train/synth_net_0136.jpg,Samudra_Prahari_Dataset_v2/Segmentation/labels/train/synth_net_0136.txt,synth_net,synth_net_0136,train,train,mask,synthetic,ghost_net,28a7a334936b46d64ecfa8860b18fd4651d0a8b8d4b61538c6ff810cc15e1103
Samudra_Prahari_Dataset_v2/Segmentation/images/train/synth_net_0137.jpg,Samudra_Prahari_Dataset_v2/Segmentation/labels/train/synth_net_0137.txt,synth_net,synth_net_0137,train,train,mask,synthetic,ghost_net,e16e02983aa4fea893d6efe82648004899a3038e1a6c4c8023e1a6a3b0568a2d
Samudra_Prahari_Dataset_v2/Segmentation/images/train/synth_net_0138.jpg,Samudra_Prahari_Dataset_v2/Segmentation/labels/train/synth_net_0138.txt,synth_net,synth_net_0138,val,train,mask,synthetic,ghost_net,c106c3b0e6c223b6015db07794f16c184728185a08a833dc6d273cb2f9ab121b
Samudra_Prahari_Dataset_v2/Segmentation/images/train/synth_net_0140.jpg,Samudra_Prahari_Dataset_v2/Segmentation/labels/train/synth_net_0140.txt,synth_net,synth_net_0140,val,train,mask,synthetic,ghost_net,9249b0a406346bd01a717d876637e73660905a33d9c367c8128accd4619f7ea2
Samudra_Prahari_Dataset_v2/Segmentation/images/train/synth_net_0141.jpg,Samudra_Prahari_Dataset_v2/Segmentation/labels/train/synth_net_0141.txt,synth_net,synth_net_0141,train,train,mask,synthetic,ghost_net,88d0c44a6a8804ec739e2ebe20ec6600a2399d2c262771b11c34aa01fd400fe9
Samudra_Prahari_Dataset_v2/Segmentation/images/train/synth_net_0142.jpg,Samudra_Prahari_Dataset_v2/Segmentation/labels/train/synth_net_0142.txt,synth_net,synth_net_0142,val,train,mask,synthetic,ghost_net,c50b0d87bfc56af2c35840c191d0e454c60920e97a9ab07b12e6a39699e8c013
Samudra_Prahari_Dataset_v2/Segmentation/images/train/synth_net_0143.jpg,Samudra_Prahari_Dataset_v2/Segmentation/labels/train/synth_net_0143.txt,synth_net,synth_net_0143,train,train,mask,synthetic,ghost_net,d4ef4bbd5172a4107f52c6e651221700305e8092d10861fe184e203021e0b414
Samudra_Prahari_Dataset_v2/Segmentation/images/train/synth_net_0145.jpg,Samudra_Prahari_Dataset_v2/Segmentation/labels/train/synth_net_0145.txt,synth_net,synth_net_0145,test,train,mask,synthetic,ghost_net,73697abcadf6f85f06d7af1f519352a94788da207c8f37b00b49c786f7e83e74
Samudra_Prahari_Dataset_v2/Segmentation/images/train/synth_net_0146.jpg,Samudra_Prahari_Dataset_v2/Segmentation/labels/train/synth_net_0146.txt,synth_net,synth_net_0146,val,train,mask,synthetic,ghost_net,1866cd78fbb6de2813f559c2e08787c4fdab884aa9462a0cac1db3e3a4cc0743
Samudra_Prahari_Dataset_v2/Segmentation/images/train/synth_net_0147.jpg,Samudra_Prahari_Dataset_v2/Segmentation/labels/train/synth_net_0147.txt,synth_net,synth_net_0147,train,train,mask,synthetic,ghost_net,808eb1913c5ddca5e0115cf70f7cdcb4da0f8114fd2473bd52d204a9bfa3348d
Samudra_Prahari_Dataset_v2/Segmentation/images/train/synth_net_0148.jpg,Samudra_Prahari_Dataset_v2/Segmentation/labels/train/synth_net_0148.txt,synth_net,synth_net_0148,train,train,mask,synthetic,ghost_net,af283e3b2f3bf1cd4595dfff1ef4c05cc363b69254913bfc472763ca55fa18c5
Samudra_Prahari_Dataset_v2/Segmentation/images/train/synth_net_0149.jpg,Samudra_Prahari_Dataset_v2/Segmentation/labels/train/synth_net_0149.txt,synth_net,synth_net_0149,val,train,mask,synthetic,ghost_net,79f7850b4cb8aa6f03516d9f491f5ac125d8e0cb028670636ae9418d71b9a1c8
Samudra_Prahari_Dataset_v2/Segmentation/images/train/synth_net_0150.jpg,Samudra_Prahari_Dataset_v2/Segmentation/labels/train/synth_net_0150.txt,synth_net,synth_net_0150,train,train,mask,synthetic,ghost_net,3ca9853c5f6924b4d3b280eee8d97fe7d837c4d2a3a6b29dbd11a0902e333cac
Samudra_Prahari_Dataset_v2/Segmentation/images/train/synth_net_0151.jpg,Samudra_Prahari_Dataset_v2/Segmentation/labels/train/synth_net_0151.txt,synth_net,synth_net_0151,train,train,mask,synthetic,ghost_net,1232578d557ef28b38b2121ac1b8050c19cbec93b292398be9bb8e449386b8a7
Samudra_Prahari_Dataset_v2/Segmentation/images/train/synth_net_0152.jpg,Samudra_Prahari_Dataset_v2/Segmentation/labels/train/synth_net_0152.txt,synth_net,synth_net_0152,train,train,mask,synthetic,ghost_net,38535b4133c5b2605d975c30462cc111cfac1a780915b56603fa1a7c5da064c6
Samudra_Prahari_Dataset_v2/Segmentation/images/train/synth_net_0154.jpg,Samudra_Prahari_Dataset_v2/Segmentation/labels/train/synth_net_0154.txt,synth_net,synth_net_0154,train,train,mask,synthetic,ghost_net,9de5e98eae1102f865e614ca2f5a68bb08032b1b36a4edd507912c021b908558
Samudra_Prahari_Dataset_v2/Segmentation/images/train/synth_net_0155.jpg,Samudra_Prahari_Dataset_v2/Segmentation/labels/train/synth_net_0155.txt,synth_net,synth_net_0155,train,train,mask,synthetic,ghost_net,6141e057d7323ff334170958c26a2715dcdc0210fbef692e20b290d531f25931
Samudra_Prahari_Dataset_v2/Segmentation/images/train/synth_net_0156.jpg,Samudra_Prahari_Dataset_v2/Segmentation/labels/train/synth_net_0156.txt,synth_net,synth_net_0156,val,train,mask,synthetic,ghost_net,5c481f433d405562c36f2c486c7599fcf32b022cecb6cb4c2b630dfc85edf473
Samudra_Prahari_Dataset_v2/Segmentation/images/train/synth_net_0157.jpg,Samudra_Prahari_Dataset_v2/Segmentation/labels/train/synth_net_0157.txt,synth_net,synth_net_0157,test,train,mask,synthetic,ghost_net,71d0624719a4cf0a77894ef34c3714a6c2c9423db691b4b22bfd7ec5faa53b20
Samudra_Prahari_Dataset_v2/Segmentation/images/train/synth_net_0160.jpg,Samudra_Prahari_Dataset_v2/Segmentation/labels/train/synth_net_0160.txt,synth_net,synth_net_0160,test,train,mask,synthetic,ghost_net,1d837eef1cb1d82e2f29d158012bdee5b904a062ffcd3363694f77d26d40e86d
Samudra_Prahari_Dataset_v2/Segmentation/images/train/synth_net_0161.jpg,Samudra_Prahari_Dataset_v2/Segmentation/labels/train/synth_net_0161.txt,synth_net,synth_net_0161,train,train,mask,synthetic,ghost_net,aa51603972459893c4fcc8352cb55e7c0d021ab37b8eaa86efa7bc19ecfd20ec
Samudra_Prahari_Dataset_v2/Segmentation/images/train/synth_net_0162.jpg,Samudra_Prahari_Dataset_v2/Segmentation/labels/train/synth_net_0162.txt,synth_net,synth_net_0162,train,train,mask,synthetic,ghost_net,02a78807dcac120fc18574b2e47ded367f987cb863011c65151c5bd5d37b74d0
Samudra_Prahari_Dataset_v2/Segmentation/images/train/synth_net_0163.jpg,Samudra_Prahari_Dataset_v2/Segmentation/labels/train/synth_net_0163.txt,synth_net,synth_net_0163,train,train,mask,synthetic,ghost_net,f4580e6028a3b59c96b86317a39476802bacd65c361a6d8fde02211d0151019f
Samudra_Prahari_Dataset_v2/Segmentation/images/train/synth_net_0164.jpg,Samudra_Prahari_Dataset_v2/Segmentation/labels/train/synth_net_0164.txt,synth_net,synth_net_0164,train,train,mask,synthetic,ghost_net,ec3269d3c8116c02045d0ac6bd7e03f254c8c5a6227b96b2a91c3ed3c19ce08f
Samudra_Prahari_Dataset_v2/Segmentation/images/train/synth_net_0165.jpg,Samudra_Prahari_Dataset_v2/Segmentation/labels/train/synth_net_0165.txt,synth_net,synth_net_0165,val,train,mask,synthetic,ghost_net,7081e71cdc1fe1467efee9c9629a2f313ea7b0fe6080e61b3edbf41bb451b60a
Samudra_Prahari_Dataset_v2/Segmentation/images/train/synth_net_0166.jpg,Samudra_Prahari_Dataset_v2/Segmentation/labels/train/synth_net_0166.txt,synth_net,synth_net_0166,train,train,mask,synthetic,ghost_net,3cadb81267579c60c8cdd9cec5121c6a1666ef47bace1362ce0c5c4668220489
Samudra_Prahari_Dataset_v2/Segmentation/images/train/synth_net_0167.jpg,Samudra_Prahari_Dataset_v2/Segmentation/labels/train/synth_net_0167.txt,synth_net,synth_net_0167,val,train,mask,synthetic,ghost_net,9a530a5a73b6f5bfaa2e74b2f481eacf32da7a67689db17c4b5dd20aa1b0ec7b
Samudra_Prahari_Dataset_v2/Segmentation/images/train/synth_net_0168.jpg,Samudra_Prahari_Dataset_v2/Segmentation/labels/train/synth_net_0168.txt,synth_net,synth_net_0168,train,train,mask,synthetic,ghost_net,beaae8458afce53bd65a4e3b18ab77b2ae50e0b78f1e4ea4d547f11cd131d695
Samudra_Prahari_Dataset_v2/Segmentation/images/train/synth_net_0169.jpg,Samudra_Prahari_Dataset_v2/Segmentation/labels/train/synth_net_0169.txt,synth_net,synth_net_0169,val,train,mask,synthetic,ghost_net,45a27951ad1339f9b9b4e42000e3e18cd69337e9593cba2ff3e3cbd423d36802
Samudra_Prahari_Dataset_v2/Segmentation/images/train/synth_net_0170.jpg,Samudra_Prahari_Dataset_v2/Segmentation/labels/train/synth_net_0170.txt,synth_net,synth_net_0170,test,train,mask,synthetic,ghost_net,b3706b7cc7c1f807fb4cbd8890ef2c996e066bab3c78b1b09bd67e04e13347a8
Samudra_Prahari_Dataset_v2/Segmentation/images/train/synth_net_0171.jpg,Samudra_Prahari_Dataset_v2/Segmentation/labels/train/synth_net_0171.txt,synth_net,synth_net_0171,train,train,mask,synthetic,ghost_net,05d82f102dff68168993bd5b006e6501506d86e2c0dc24b82957a73909152294
Samudra_Prahari_Dataset_v2/Segmentation/images/train/synth_net_0172.jpg,Samudra_Prahari_Dataset_v2/Segmentation/labels/train/synth_net_0172.txt,synth_net,synth_net_0172,train,train,mask,synthetic,ghost_net,16480011c3b6d04a10346a20da330bd21ba5efb5eb219935600b891a4f3dea5a
Samudra_Prahari_Dataset_v2/Segmentation/images/train/synth_net_0174.jpg,Samudra_Prahari_Dataset_v2/Segmentation/labels/train/synth_net_0174.txt,synth_net,synth_net_0174,train,train,mask,synthetic,ghost_net,c153f037663313f819a2370c67501f7f065f13306a763c2f4a5cf32546f7f741
Samudra_Prahari_Dataset_v2/Segmentation/images/train/synth_net_0175.jpg,Samudra_Prahari_Dataset_v2/Segmentation/labels/train/synth_net_0175.txt,synth_net,synth_net_0175,train,train,mask,synthetic,ghost_net,f80d97a4710a30def792e97d1919b7cb67be5e6a307768b63174910786ad0e04
Samudra_Prahari_Dataset_v2/Segmentation/images/train/synth_net_0176.jpg,Samudra_Prahari_Dataset_v2/Segmentation/labels/train/synth_net_0176.txt,synth_net,synth_net_0176,train,train,mask,synthetic,ghost_net,d8ff7ddd3eb48f5f9109ba4df90b5b293fc4ddd9022f3e4a86d00e82946d14b6
Samudra_Prahari_Dataset_v2/Segmentation/images/train/synth_net_0177.jpg,Samudra_Prahari_Dataset_v2/Segmentation/labels/train/synth_net_0177.txt,synth_net,synth_net_0177,train,train,mask,synthetic,ghost_net,ad05da498ef4995d93a96d8907be1e635c5c89ed4c4c73f8efd972e1ebbfec5a
Samudra_Prahari_Dataset_v2/Segmentation/images/train/synth_net_0178.jpg,Samudra_Prahari_Dataset_v2/Segmentation/labels/train/synth_net_0178.txt,synth_net,synth_net_0178,test,train,mask,synthetic,ghost_net,f0a25a2ab9b8e6808ba6852070e58f1b8e64b1f3481d6ebca9bc23b454e0a932
Samudra_Prahari_Dataset_v2/Segmentation/images/train/synth_net_0179.jpg,Samudra_Prahari_Dataset_v2/Segmentation/labels/train/synth_net_0179.txt,synth_net,synth_net_0179,train,train,mask,synthetic,ghost_net,285a7942583c615f5c1ad2f5ee26719455193c8ea85d0e46af625cf6109f8235
Samudra_Prahari_Dataset_v2/Segmentation/images/train/synth_net_0180.jpg,Samudra_Prahari_Dataset_v2/Segmentation/labels/train/synth_net_0180.txt,synth_net,synth_net_0180,test,train,mask,synthetic,ghost_net,f65605c97e92f20f84a7e2925cc9d4614c6c25f11ee9e4ed4128dfc08dd9f960
Samudra_Prahari_Dataset_v2/Segmentation/images/train/synth_net_0182.jpg,Samudra_Prahari_Dataset_v2/Segmentation/labels/train/synth_net_0182.txt,synth_net,synth_net_0182,train,train,mask,synthetic,ghost_net,c7d840391bf953e1a6b8d585d4f68c3997b9f18b42c026f7e4093c26629bf7f8
Samudra_Prahari_Dataset_v2/Segmentation/images/train/synth_net_0183.jpg,Samudra_Prahari_Dataset_v2/Segmentation/labels/train/synth_net_0183.txt,synth_net,synth_net_0183,train,train,mask,synthetic,ghost_net,b0f10f481f2829c4f1d1e69cea133ce33426ede56c991d8710932cb5c8363ad0
Samudra_Prahari_Dataset_v2/Segmentation/images/train/synth_net_0184.jpg,Samudra_Prahari_Dataset_v2/Segmentation/labels/train/synth_net_0184.txt,synth_net,synth_net_0184,test,train,mask,synthetic,ghost_net,24abe0412ad979f263ed042f644f2042720edcac1649ed73179b01b6ba07b359
Samudra_Prahari_Dataset_v2/Segmentation/images/train/synth_net_0185.jpg,Samudra_Prahari_Dataset_v2/Segmentation/labels/train/synth_net_0185.txt,synth_net,synth_net_0185,val,train,mask,synthetic,ghost_net,f85d9ab2db447dc2a55bc1b55a6c205bf2537d7c6053f5952eca72733caf3870
Samudra_Prahari_Dataset_v2/Segmentation/images/train/synth_net_0186.jpg,Samudra_Prahari_Dataset_v2/Segmentation/labels/train/synth_net_0186.txt,synth_net,synth_net_0186,test,train,mask,synthetic,ghost_net,857850b22bd4350be904cc5db0ed2f309982a7a726d45688c4716c4fb35f1c67
Samudra_Prahari_Dataset_v2/Segmentation/images/train/synth_net_0187.jpg,Samudra_Prahari_Dataset_v2/Segmentation/labels/train/synth_net_0187.txt,synth_net,synth_net_0187,test,train,mask,synthetic,ghost_net,137d6334be50d3623bcb6f47f46beb36f92ec20448a1273a818fcc9bf7ac3079
Samudra_Prahari_Dataset_v2/Segmentation/images/train/synth_net_0188.jpg,Samudra_Prahari_Dataset_v2/Segmentation/labels/train/synth_net_0188.txt,synth_net,synth_net_0188,val,train,mask,synthetic,ghost_net,4686ba885db18f91d4b0baa8500668b497c5dda5a2f56111acb9075066cd1f24
Samudra_Prahari_Dataset_v2/Segmentation/images/train/synth_net_0191.jpg,Samudra_Prahari_Dataset_v2/Segmentation/labels/train/synth_net_0191.txt,synth_net,synth_net_0191,val,train,mask,synthetic,ghost_net,5c3b6882ea03c5d582d053a2aa423a125eaa915a7cd8890a265dcc2d5738334d
Samudra_Prahari_Dataset_v2/Segmentation/images/train/synth_net_0193.jpg,Samudra_Prahari_Dataset_v2/Segmentation/labels/train/synth_net_0193.txt,synth_net,synth_net_0193,train,train,mask,synthetic,ghost_net,ff030fd7020ee600336b95ff6aebe1b86c0e3022478f888a2ac41058255f956e
Samudra_Prahari_Dataset_v2/Segmentation/images/train/synth_net_0194.jpg,Samudra_Prahari_Dataset_v2/Segmentation/labels/train/synth_net_0194.txt,synth_net,synth_net_0194,train,train,mask,synthetic,ghost_net,bac0d5f3c3a5c428cd7bec64b17e56a3d49da0f2dbeeec631dd69ab1bf3cda88
Samudra_Prahari_Dataset_v2/Segmentation/images/train/synth_net_0195.jpg,Samudra_Prahari_Dataset_v2/Segmentation/labels/train/synth_net_0195.txt,synth_net,synth_net_0195,train,train,mask,synthetic,ghost_net,eeb87a6d48b84cb320a614e69dafe8b328059ed4432ce61426332ec34ece461d
Samudra_Prahari_Dataset_v2/Segmentation/images/train/synth_net_0196.jpg,Samudra_Prahari_Dataset_v2/Segmentation/labels/train/synth_net_0196.txt,synth_net,synth_net_0196,test,train,mask,synthetic,ghost_net,9829477029ea632d0067a359c3401ba510d13519880089bb54c9f3bc22f32102
Samudra_Prahari_Dataset_v2/Segmentation/images/train/synth_net_0197.jpg,Samudra_Prahari_Dataset_v2/Segmentation/labels/train/synth_net_0197.txt,synth_net,synth_net_0197,train,train,mask,synthetic,ghost_net,46f732be3bcbb12ca71c2b3c5e721dccde9a6ea81f3202a8293fcaa812936dfa
Samudra_Prahari_Dataset_v2/Segmentation/images/train/synth_net_0198.jpg,Samudra_Prahari_Dataset_v2/Segmentation/labels/train/synth_net_0198.txt,synth_net,synth_net_0198,val,train,mask,synthetic,ghost_net,5caf741cfa454b7a2312dbbf081497c5d4247da3df48011e65c2705d046287f8
Samudra_Prahari_Dataset_v2/Segmentation/images/train/synth_net_0199.jpg,Samudra_Prahari_Dataset_v2/Segmentation/labels/train/synth_net_0199.txt,synth_net,synth_net_0199,train,train,mask,synthetic,ghost_net,04d3697bd52c93e4e19a115f8f3907ecd7dc037a5b44eb8b90cef61f966a4e13
Samudra_Prahari_Dataset_v2/Segmentation/images/train/synth_net_0200.jpg,Samudra_Prahari_Dataset_v2/Segmentation/labels/train/synth_net_0200.txt,synth_net,synth_net_0200,test,train,mask,synthetic,ghost_net,8147383b738d7c3354164dae0f3f77326321f6593861ac637cce55b041174829
Samudra_Prahari_Dataset_v2/Segmentation/images/train/synth_net_0201.jpg,Samudra_Prahari_Dataset_v2/Segmentation/labels/train/synth_net_0201.txt,synth_net,synth_net_0201,train,train,mask,synthetic,ghost_net,62c89dd82951bcafa5f560b653681c33ed4fd7219566045229afa42f95f39305
Samudra_Prahari_Dataset_v2/Segmentation/images/train/synth_net_0202.jpg,Samudra_Prahari_Dataset_v2/Segmentation/labels/train/synth_net_0202.txt,synth_net,synth_net_0202,val,train,mask,synthetic,ghost_net,dd542813bed96d766d867b7a710c60ac57cb9c913dd350a66127596081fc1cc8
Samudra_Prahari_Dataset_v2/Segmentation/images/train/synth_net_0203.jpg,Samudra_Prahari_Dataset_v2/Segmentation/labels/train/synth_net_0203.txt,synth_net,synth_net_0203,train,train,mask,synthetic,ghost_net,aae5240b69ab1d2729742d885b4b2d35b02aa9dbc72799883b6a073373b03a00
Samudra_Prahari_Dataset_v2/Segmentation/images/train/synth_net_0204.jpg,Samudra_Prahari_Dataset_v2/Segmentation/labels/train/synth_net_0204.txt,synth_net,synth_net_0204,test,train,mask,synthetic,ghost_net,15e511f89d5d7c56fabea337133d8621a4581c366d37dfb7d1315370329ff709
Samudra_Prahari_Dataset_v2/Segmentation/images/train/synth_net_0207.jpg,Samudra_Prahari_Dataset_v2/Segmentation/labels/train/synth_net_0207.txt,synth_net,synth_net_0207,train,train,mask,synthetic,ghost_net,01b038d11d758d242f9949c322bb94b714538b64ccc7c6af397504724bab810d
Samudra_Prahari_Dataset_v2/Segmentation/images/train/synth_net_0209.jpg,Samudra_Prahari_Dataset_v2/Segmentation/labels/train/synth_net_0209.txt,synth_net,synth_net_0209,train,train,mask,synthetic,ghost_net,264422e4a5228d82ce722db2ece9fab47b9a6badfda01cb59b9021cd0446be9a
Samudra_Prahari_Dataset_v2/Segmentation/images/train/synth_net_0210.jpg,Samudra_Prahari_Dataset_v2/Segmentation/labels/train/synth_net_0210.txt,synth_net,synth_net_0210,train,train,mask,synthetic,ghost_net,aa4e033b4490c736fbca1deb58e5ab25c437c0574ed3f798b379acf3fc5dc7d1
Samudra_Prahari_Dataset_v2/Segmentation/images/train/synth_net_0211.jpg,Samudra_Prahari_Dataset_v2/Segmentation/labels/train/synth_net_0211.txt,synth_net,synth_net_0211,train,train,mask,synthetic,ghost_net,3cc784944f9444ffa20957aaabf24da20d0b936100a804ac7b668833fa85f5e1
Samudra_Prahari_Dataset_v2/Segmentation/images/train/synth_net_0212.jpg,Samudra_Prahari_Dataset_v2/Segmentation/labels/train/synth_net_0212.txt,synth_net,synth_net_0212,train,train,mask,synthetic,ghost_net,ca614bf771fa7286309a286ce0ec4b4ce05672d843a52362b11a1a2e88400e05
Samudra_Prahari_Dataset_v2/Segmentation/images/train/synth_net_0213.jpg,Samudra_Prahari_Dataset_v2/Segmentation/labels/train/synth_net_0213.txt,synth_net,synth_net_0213,train,train,mask,synthetic,ghost_net,ca1ff96b3a8e9c75adbeaa9080a13ed1785fc0831e4814ad55341e5844394f67
Samudra_Prahari_Dataset_v2/Segmentation/images/train/synth_net_0214.jpg,Samudra_Prahari_Dataset_v2/Segmentation/labels/train/synth_net_0214.txt,synth_net,synth_net_0214,train,train,mask,synthetic,ghost_net,e2793a03ba965e30161b8654248c72ecbf56534d8985a77d2ee7ace8565868d3
Samudra_Prahari_Dataset_v2/Segmentation/images/train/synth_net_0215.jpg,Samudra_Prahari_Dataset_v2/Segmentation/labels/train/synth_net_0215.txt,synth_net,synth_net_0215,train,train,mask,synthetic,ghost_net,ac4a81ecf978205cab7ca63937eee0df9426d34e8766b79fb69a6f46f862e5ad
Samudra_Prahari_Dataset_v2/Segmentation/images/train/synth_net_0216.jpg,Samudra_Prahari_Dataset_v2/Segmentation/labels/train/synth_net_0216.txt,synth_net,synth_net_0216,train,train,mask,synthetic,ghost_net,a1cb1da4f5fa95f227f0bfbee9f80c5997e4c5336413ef9849c59ffe5e6cffbe
Samudra_Prahari_Dataset_v2/Segmentation/images/train/synth_net_0217.jpg,Samudra_Prahari_Dataset_v2/Segmentation/labels/train/synth_net_0217.txt,synth_net,synth_net_0217,test,train,mask,synthetic,ghost_net,4934470f82699e7c7f8a4ddcb23953b6e9dd1e74046d63352d5a5ea9f79144d2
Samudra_Prahari_Dataset_v2/Segmentation/images/train/synth_net_0218.jpg,Samudra_Prahari_Dataset_v2/Segmentation/labels/train/synth_net_0218.txt,synth_net,synth_net_0218,train,train,mask,synthetic,ghost_net,4efa30774ef9ef7edf71449d9b128e09e508e135ff5de915492735a38a40439d
Samudra_Prahari_Dataset_v2/Segmentation/images/train/synth_net_0219.jpg,Samudra_Prahari_Dataset_v2/Segmentation/labels/train/synth_net_0219.txt,synth_net,synth_net_0219,train,train,mask,synthetic,ghost_net,8449df8e9b9954d3684602855e159cbff232a94fa431dc0968d264a1f89fa46a
Samudra_Prahari_Dataset_v2/Segmentation/images/train/synth_net_0221.jpg,Samudra_Prahari_Dataset_v2/Segmentation/labels/train/synth_net_0221.txt,synth_net,synth_net_0221,train,train,mask,synthetic,ghost_net,45963d6eb2576c4eff8f9a5d9cb5a93185300fcc8fd860aeac66edd0dbc30748
Samudra_Prahari_Dataset_v2/Segmentation/images/train/synth_net_0222.jpg,Samudra_Prahari_Dataset_v2/Segmentation/labels/train/synth_net_0222.txt,synth_net,synth_net_0222,train,train,mask,synthetic,ghost_net,b2a53b28d912bfd1a5fcf71a848e9de78c0b25672a9190259018fb56bb29f255
Samudra_Prahari_Dataset_v2/Segmentation/images/train/synth_net_0223.jpg,Samudra_Prahari_Dataset_v2/Segmentation/labels/train/synth_net_0223.txt,synth_net,synth_net_0223,train,train,mask,synthetic,ghost_net,b8c739056012b6e83f525ece26b150b333c693d8dfeb78a726c9d00ee4d69c54
Samudra_Prahari_Dataset_v2/Segmentation/images/train/synth_net_0226.jpg,Samudra_Prahari_Dataset_v2/Segmentation/labels/train/synth_net_0226.txt,synth_net,synth_net_0226,train,train,mask,synthetic,ghost_net,65950f527c703c2089499d1a644ee91a4b70fadfbc8bdf071b0e5a68e26299ee
Samudra_Prahari_Dataset_v2/Segmentation/images/train/synth_net_0227.jpg,Samudra_Prahari_Dataset_v2/Segmentation/labels/train/synth_net_0227.txt,synth_net,synth_net_0227,train,train,mask,synthetic,ghost_net,35310a511f5b16f6a0834f5d89f8a99415f7e57bc70911bd49c2d46aff0e392c
Samudra_Prahari_Dataset_v2/Segmentation/images/train/synth_net_0228.jpg,Samudra_Prahari_Dataset_v2/Segmentation/labels/train/synth_net_0228.txt,synth_net,synth_net_0228,val,train,mask,synthetic,ghost_net,67c68a6f4843b597cb8df604462038e9327e0951faf49b03af65266b4de8b7ed
Samudra_Prahari_Dataset_v2/Segmentation/images/train/synth_net_0229.jpg,Samudra_Prahari_Dataset_v2/Segmentation/labels/train/synth_net_0229.txt,synth_net,synth_net_0229,train,train,mask,synthetic,ghost_net,8616a3f3b530a1df8fdd3163e387c875d7e11d37a90037a5c8889fe2e754ed7a
Samudra_Prahari_Dataset_v2/Segmentation/images/train/synth_net_0230.jpg,Samudra_Prahari_Dataset_v2/Segmentation/labels/train/synth_net_0230.txt,synth_net,synth_net_0230,train,train,mask,synthetic,ghost_net,98848ad831feefa5167687ddd9a77627aa6c81596974f8e7a53dab55d89741f7
Samudra_Prahari_Dataset_v2/Segmentation/images/train/synth_net_0232.jpg,Samudra_Prahari_Dataset_v2/Segmentation/labels/train/synth_net_0232.txt,synth_net,synth_net_0232,train,train,mask,synthetic,ghost_net,03c54cce97f5bb2541a1890c3f3918bf79917f582cf07c4082e08bd911a208c6
Samudra_Prahari_Dataset_v2/Segmentation/images/train/synth_net_0234.jpg,Samudra_Prahari_Dataset_v2/Segmentation/labels/train/synth_net_0234.txt,synth_net,synth_net_0234,test,train,mask,synthetic,ghost_net,8c34c032b48f39b11f8b4e9dc1b141ae8d034296284528737f43828fe97c9965
Samudra_Prahari_Dataset_v2/Segmentation/images/train/synth_net_0235.jpg,Samudra_Prahari_Dataset_v2/Segmentation/labels/train/synth_net_0235.txt,synth_net,synth_net_0235,test,train,mask,synthetic,ghost_net,b78ab8ef758772d027aaa73a174500730f8c5dd6fdee85542f9d9ab38d5aec77
Samudra_Prahari_Dataset_v2/Segmentation/images/train/synth_net_0236.jpg,Samudra_Prahari_Dataset_v2/Segmentation/labels/train/synth_net_0236.txt,synth_net,synth_net_0236,train,train,mask,synthetic,ghost_net,13073c7d548a2ff27abce1df8337ec9552335a318221428b4c794091c639f6d0
Samudra_Prahari_Dataset_v2/Segmentation/images/train/synth_net_0237.jpg,Samudra_Prahari_Dataset_v2/Segmentation/labels/train/synth_net_0237.txt,synth_net,synth_net_0237,train,train,mask,synthetic,ghost_net,fbdeaa0d26e9524c0f44484fecafb2675f423f9fbc8be26608e371c08aae7f1a
Samudra_Prahari_Dataset_v2/Segmentation/images/train/synth_net_0238.jpg,Samudra_Prahari_Dataset_v2/Segmentation/labels/train/synth_net_0238.txt,synth_net,synth_net_0238,val,train,mask,synthetic,ghost_net,ca958b389d41b9e8b8514bbc1786dc726524c97c410e56b469986b366f01d2f3
Samudra_Prahari_Dataset_v2/Segmentation/images/train/synth_net_0240.jpg,Samudra_Prahari_Dataset_v2/Segmentation/labels/train/synth_net_0240.txt,synth_net,synth_net_0240,train,train,mask,synthetic,ghost_net,af198054944ea62bcf7d877d1bf090eb9e49ed6e45f2494dc4da0ae6c8948477
Samudra_Prahari_Dataset_v2/Segmentation/images/train/synth_net_0241.jpg,Samudra_Prahari_Dataset_v2/Segmentation/labels/train/synth_net_0241.txt,synth_net,synth_net_0241,train,train,mask,synthetic,ghost_net,a1144acc2e493cbdcf94cb4830cecb5f71cc799a1d431d4e814da9ce57d8b8fb
Samudra_Prahari_Dataset_v2/Segmentation/images/train/synth_net_0243.jpg,Samudra_Prahari_Dataset_v2/Segmentation/labels/train/synth_net_0243.txt,synth_net,synth_net_0243,train,train,mask,synthetic,ghost_net,a19172f30b55b08df1498aeff89c2e596e78df826edcbbb07fcec060f301ecd9
Samudra_Prahari_Dataset_v2/Segmentation/images/train/synth_net_0244.jpg,Samudra_Prahari_Dataset_v2/Segmentation/labels/train/synth_net_0244.txt,synth_net,synth_net_0244,train,train,mask,synthetic,ghost_net,bab4453a41552ee7e24c3bff16e84384afe2f7c724dc212c7a5929982642f0e6
Samudra_Prahari_Dataset_v2/Segmentation/images/train/synth_net_0247.jpg,Samudra_Prahari_Dataset_v2/Segmentation/labels/train/synth_net_0247.txt,synth_net,synth_net_0247,val,train,mask,synthetic,ghost_net,7a542079f1bcbcabff34aaac87902fa9a38c0f0f7af53932a2ff96abc9e2f29e
Samudra_Prahari_Dataset_v2/Segmentation/images/train/synth_net_0248.jpg,Samudra_Prahari_Dataset_v2/Segmentation/labels/train/synth_net_0248.txt,synth_net,synth_net_0248,val,train,mask,synthetic,ghost_net,f41e36b5f785b24bac1417ca8743373fc3d57873eb0e332b9111ef4c4df3443a
Samudra_Prahari_Dataset_v2/Segmentation/images/train/synth_net_0249.jpg,Samudra_Prahari_Dataset_v2/Segmentation/labels/train/synth_net_0249.txt,synth_net,synth_net_0249,train,train,mask,synthetic,ghost_net,c2345c9a525e689e9c38477f5afd12029d4a1b19a985413a764a02511997f219
Samudra_Prahari_Dataset_v2/Segmentation/images/train/synth_net_0254.jpg,Samudra_Prahari_Dataset_v2/Segmentation/labels/train/synth_net_0254.txt,synth_net,synth_net_0254,train,train,mask,synthetic,ghost_net,fe3ad49038b02345f7d5648dc3a683cd138eedc6acd1ec179f5417fadf57a2c0
Samudra_Prahari_Dataset_v2/Segmentation/images/train/synth_net_0255.jpg,Samudra_Prahari_Dataset_v2/Segmentation/labels/train/synth_net_0255.txt,synth_net,synth_net_0255,train,train,mask,synthetic,ghost_net,f6d3cab803e38b0dcb4729291ffcfa9eaeef347a5a5fc9e1a559e4331fea430f
Samudra_Prahari_Dataset_v2/Segmentation/images/train/synth_net_0256.jpg,Samudra_Prahari_Dataset_v2/Segmentation/labels/train/synth_net_0256.txt,synth_net,synth_net_0256,val,train,mask,synthetic,ghost_net,1ff2d1fc0104678a9cf8a4d99d9fd2239cea25bc04dbb3346368642dde661ff1
Samudra_Prahari_Dataset_v2/Segmentation/images/train/synth_net_0257.jpg,Samudra_Prahari_Dataset_v2/Segmentation/labels/train/synth_net_0257.txt,synth_net,synth_net_0257,train,train,mask,synthetic,ghost_net,865a714603cc10229e2c3a50a5480ec73e87709d0b1494550312ca3d672ccd92
Samudra_Prahari_Dataset_v2/Segmentation/images/train/synth_net_0258.jpg,Samudra_Prahari_Dataset_v2/Segmentation/labels/train/synth_net_0258.txt,synth_net,synth_net_0258,test,train,mask,synthetic,ghost_net,64459583ceea9dad6ea96bfdeaa6d31a675f361d7e894f37a5f6afee564194d2
Samudra_Prahari_Dataset_v2/Segmentation/images/train/synth_net_0259.jpg,Samudra_Prahari_Dataset_v2/Segmentation/labels/train/synth_net_0259.txt,synth_net,synth_net_0259,train,train,mask,synthetic,ghost_net,ac76afe3b7e2831522c0077ed02d53d049a628175afe7d051b0f7eb1d019a86e
Samudra_Prahari_Dataset_v2/Segmentation/images/train/synth_net_0260.jpg,Samudra_Prahari_Dataset_v2/Segmentation/labels/train/synth_net_0260.txt,synth_net,synth_net_0260,val,train,mask,synthetic,ghost_net,8e77f287ec43e9ee942d8cb920ec7c7cecf19db8ffadf2a4a40fbe52192f36e3
Samudra_Prahari_Dataset_v2/Segmentation/images/train/synth_net_0262.jpg,Samudra_Prahari_Dataset_v2/Segmentation/labels/train/synth_net_0262.txt,synth_net,synth_net_0262,test,train,mask,synthetic,ghost_net,7d1e57c503d4e18fcffa7e0ec12c17cd3605ec3100c1bd3f985df85267590d29
Samudra_Prahari_Dataset_v2/Segmentation/images/train/synth_net_0263.jpg,Samudra_Prahari_Dataset_v2/Segmentation/labels/train/synth_net_0263.txt,synth_net,synth_net_0263,test,train,mask,synthetic,ghost_net,b6ea3e1beac247173f0ac102ca09b8ae6cf149d7bed21f680daa1c7444afa181
Samudra_Prahari_Dataset_v2/Segmentation/images/train/synth_net_0264.jpg,Samudra_Prahari_Dataset_v2/Segmentation/labels/train/synth_net_0264.txt,synth_net,synth_net_0264,train,train,mask,synthetic,ghost_net,2aa22c4e5e7fce61726965f454bb31fa44635f12f26d0b6105c9d1bf9c77d58f
Samudra_Prahari_Dataset_v2/Segmentation/images/train/synth_net_0265.jpg,Samudra_Prahari_Dataset_v2/Segmentation/labels/train/synth_net_0265.txt,synth_net,synth_net_0265,train,train,mask,synthetic,ghost_net,ac97fb2e870c4ddbaae9ac3c25934539000c2197f24b6c71ef2a8ee8a96edc4d
Samudra_Prahari_Dataset_v2/Segmentation/images/train/synth_net_0266.jpg,Samudra_Prahari_Dataset_v2/Segmentation/labels/train/synth_net_0266.txt,synth_net,synth_net_0266,train,train,mask,synthetic,ghost_net,4b29567bfd0f9b70370cb37d80f7ea8c08dfec3d0c72bdb84d637ea729d4caea
Samudra_Prahari_Dataset_v2/Segmentation/images/train/synth_net_0267.jpg,Samudra_Prahari_Dataset_v2/Segmentation/labels/train/synth_net_0267.txt,synth_net,synth_net_0267,train,train,mask,synthetic,ghost_net,387acce7e4366f56ce96895f6471e06e6ff8a4c43781204b5fafdb138c0816e1
Samudra_Prahari_Dataset_v2/Segmentation/images/train/synth_net_0270.jpg,Samudra_Prahari_Dataset_v2/Segmentation/labels/train/synth_net_0270.txt,synth_net,synth_net_0270,train,train,mask,synthetic,ghost_net,6e9039dfab6d13dffe44e0dca83c538831cfe45acde9a418b951782401ae2564
Samudra_Prahari_Dataset_v2/Segmentation/images/train/synth_net_0271.jpg,Samudra_Prahari_Dataset_v2/Segmentation/labels/train/synth_net_0271.txt,synth_net,synth_net_0271,val,train,mask,synthetic,ghost_net,a318e4dd7e7e665c93425c2d354b5d7569132d8bbcbfafe80c916f95259e8a7a
Samudra_Prahari_Dataset_v2/Segmentation/images/train/synth_net_0272.jpg,Samudra_Prahari_Dataset_v2/Segmentation/labels/train/synth_net_0272.txt,synth_net,synth_net_0272,train,train,mask,synthetic,ghost_net,b32732b337fb8d2437ccb1763f609037fb731e0832c3f31670b6743f47fa53cb
Samudra_Prahari_Dataset_v2/Segmentation/images/train/synth_net_0273.jpg,Samudra_Prahari_Dataset_v2/Segmentation/labels/train/synth_net_0273.txt,synth_net,synth_net_0273,test,train,mask,synthetic,ghost_net,545f952ffb3c7824ac31073b7bbcf659aa7e9d80030f223742f3096bca98b4d8
Samudra_Prahari_Dataset_v2/Segmentation/images/train/synth_net_0274.jpg,Samudra_Prahari_Dataset_v2/Segmentation/labels/train/synth_net_0274.txt,synth_net,synth_net_0274,train,train,mask,synthetic,ghost_net,baa6bc1827ca986fc425eb92ea88e8d510f3a2b2e0bad2930ec24eac38467fa9
Samudra_Prahari_Dataset_v2/Segmentation/images/train/synth_net_0275.jpg,Samudra_Prahari_Dataset_v2/Segmentation/labels/train/synth_net_0275.txt,synth_net,synth_net_0275,val,train,mask,synthetic,ghost_net,a4dd9b1bbe2e16f379a81766c8664f7f3b1c3c9ba450fc0a82d2725019f384fa
Samudra_Prahari_Dataset_v2/Segmentation/images/train/synth_net_0277.jpg,Samudra_Prahari_Dataset_v2/Segmentation/labels/train/synth_net_0277.txt,synth_net,synth_net_0277,train,train,mask,synthetic,ghost_net,4fcbc2905f9c23769955163904c7505a2cf95003bb873b8de3aeaee04ea4551d
Samudra_Prahari_Dataset_v2/Segmentation/images/train/synth_net_0278.jpg,Samudra_Prahari_Dataset_v2/Segmentation/labels/train/synth_net_0278.txt,synth_net,synth_net_0278,val,train,mask,synthetic,ghost_net,e6f907f77e65a44e72c4b1147abdf0974231e84decade0c029ac82b58eb9dc13
Samudra_Prahari_Dataset_v2/Segmentation/images/train/synth_net_0279.jpg,Samudra_Prahari_Dataset_v2/Segmentation/labels/train/synth_net_0279.txt,synth_net,synth_net_0279,train,train,mask,synthetic,ghost_net,f15a6dbd2cb2a6f8b38a1b76a2ef43323bf73b93cfdf8dbfbe50ffd9be3ecede
Samudra_Prahari_Dataset_v2/Segmentation/images/train/synth_net_0280.jpg,Samudra_Prahari_Dataset_v2/Segmentation/labels/train/synth_net_0280.txt,synth_net,synth_net_0280,train,train,mask,synthetic,ghost_net,e9e8782a6870b3b6744fda4588e332f9190598272c7c190683a3d1a3af91bfe7
Samudra_Prahari_Dataset_v2/Segmentation/images/train/synth_net_0281.jpg,Samudra_Prahari_Dataset_v2/Segmentation/labels/train/synth_net_0281.txt,synth_net,synth_net_0281,val,train,mask,synthetic,ghost_net,8857058cda43d71e4e18c47bed42988a99f8f8413f3d3e13d51e4500d1c3cd2f
Samudra_Prahari_Dataset_v2/Segmentation/images/train/synth_net_0282.jpg,Samudra_Prahari_Dataset_v2/Segmentation/labels/train/synth_net_0282.txt,synth_net,synth_net_0282,test,train,mask,synthetic,ghost_net,3aed394ff8c4cbf19139eb75c2ee963e036370a112d1668ea821191e0b4d8f6c
Samudra_Prahari_Dataset_v2/Segmentation/images/train/synth_net_0285.jpg,Samudra_Prahari_Dataset_v2/Segmentation/labels/train/synth_net_0285.txt,synth_net,synth_net_0285,train,train,mask,synthetic,ghost_net,4093952c6b6653e032ae427f21c33db8baba7b5d84003057fcf8550c337b743c
Samudra_Prahari_Dataset_v2/Segmentation/images/train/synth_net_0286.jpg,Samudra_Prahari_Dataset_v2/Segmentation/labels/train/synth_net_0286.txt,synth_net,synth_net_0286,val,train,mask,synthetic,ghost_net,56a480d1b11ff746884eba9021963b545793657fc0c1db969b9afca996631903
Samudra_Prahari_Dataset_v2/Segmentation/images/train/synth_net_0287.jpg,Samudra_Prahari_Dataset_v2/Segmentation/labels/train/synth_net_0287.txt,synth_net,synth_net_0287,val,train,mask,synthetic,ghost_net,c7c6cc9ef60a03b657785a9800204e18ef4ddc1e19d0a2fd05368367606be9b4
Samudra_Prahari_Dataset_v2/Segmentation/images/train/synth_net_0288.jpg,Samudra_Prahari_Dataset_v2/Segmentation/labels/train/synth_net_0288.txt,synth_net,synth_net_0288,train,train,mask,synthetic,ghost_net,70dbe7392d51c9dac9c341fd169a8ed0e5d53370843956f3f6063bc3914fcf45
Samudra_Prahari_Dataset_v2/Segmentation/images/train/synth_net_0289.jpg,Samudra_Prahari_Dataset_v2/Segmentation/labels/train/synth_net_0289.txt,synth_net,synth_net_0289,val,train,mask,synthetic,ghost_net,d26cdc3348220a95d0e51a6c97cb56299dc56ea3d11dc2d5716ccda49236103e
Samudra_Prahari_Dataset_v2/Segmentation/images/train/synth_net_0290.jpg,Samudra_Prahari_Dataset_v2/Segmentation/labels/train/synth_net_0290.txt,synth_net,synth_net_0290,train,train,mask,synthetic,ghost_net,12baee9291443771a45c6f377b81dcf782826846c9b23d5496a99fccf632465c
Samudra_Prahari_Dataset_v2/Segmentation/images/train/synth_net_0292.jpg,Samudra_Prahari_Dataset_v2/Segmentation/labels/train/synth_net_0292.txt,synth_net,synth_net_0292,test,train,mask,synthetic,ghost_net,50d3da8435396f3b07e69529f051608456380b1a58c5d5e1db8c5ed703219814
Samudra_Prahari_Dataset_v2/Segmentation/images/train/synth_net_0293.jpg,Samudra_Prahari_Dataset_v2/Segmentation/labels/train/synth_net_0293.txt,synth_net,synth_net_0293,train,train,mask,synthetic,ghost_net,e9e56fe6f0d66b84961f0042cfc7b2cbce79615e6477c12998c0c5a767c24fb7
Samudra_Prahari_Dataset_v2/Segmentation/images/train/synth_net_0294.jpg,Samudra_Prahari_Dataset_v2/Segmentation/labels/train/synth_net_0294.txt,synth_net,synth_net_0294,train,train,mask,synthetic,ghost_net,d261d58016c01f039cf66696d98d9ce8efbcdd47df7e63a8881a91bd5e2c6d3a
Samudra_Prahari_Dataset_v2/Segmentation/images/train/synth_net_0296.jpg,Samudra_Prahari_Dataset_v2/Segmentation/labels/train/synth_net_0296.txt,synth_net,synth_net_0296,train,train,mask,synthetic,ghost_net,663b3c95ad2f772947fc54589f3b3a665e1e29e3253f63df3bc3725fe4634e88
Samudra_Prahari_Dataset_v2/Segmentation/images/train/synth_net_0298.jpg,Samudra_Prahari_Dataset_v2/Segmentation/labels/train/synth_net_0298.txt,synth_net,synth_net_0298,train,train,mask,synthetic,ghost_net,0cafc849bb2ca8aa3b1c2ee4b734f2e3f14954f995e580a7d4d35205987e8ec0
Samudra_Prahari_Dataset_v2/Segmentation/images/train/synth_net_0299.jpg,Samudra_Prahari_Dataset_v2/Segmentation/labels/train/synth_net_0299.txt,synth_net,synth_net_0299,test,train,mask,synthetic,ghost_net,cfdaf6a408134c34e98e9b89a058f8bdaefa8a21eb86989d5c7d17e010ff3b73
Samudra_Prahari_Dataset_v2/Segmentation/images/val/synth_net_0001.jpg,Samudra_Prahari_Dataset_v2/Segmentation/labels/val/synth_net_0001.txt,synth_net,synth_net_0001,train,val,mask,synthetic,ghost_net,08b2333f59031966572f3f77fb384b8c3c53e142025abd32e618ea9fcbc1c78d
Samudra_Prahari_Dataset_v2/Segmentation/images/val/synth_net_0005.jpg,Samudra_Prahari_Dataset_v2/Segmentation/labels/val/synth_net_0005.txt,synth_net,synth_net_0005,train,val,mask,synthetic,ghost_net,3b14314119af30574853786f6e15109ac0643cdfc249ce654d57f2bf0e5a7493
Samudra_Prahari_Dataset_v2/Segmentation/images/val/synth_net_0006.jpg,Samudra_Prahari_Dataset_v2/Segmentation/labels/val/synth_net_0006.txt,synth_net,synth_net_0006,test,val,mask,synthetic,ghost_net,247ae4d0ac9d1251b80db289c756e7c3a9d973bc927ba8835668b7ed5717c9b4
Samudra_Prahari_Dataset_v2/Segmentation/images/val/synth_net_0019.jpg,Samudra_Prahari_Dataset_v2/Segmentation/labels/val/synth_net_0019.txt,synth_net,synth_net_0019,train,val,mask,synthetic,ghost_net,62b35d304eb1ced4a273b6f0dbad5cff64228a170fa8d15c1eacbb3b78eaea9b
Samudra_Prahari_Dataset_v2/Segmentation/images/val/synth_net_0024.jpg,Samudra_Prahari_Dataset_v2/Segmentation/labels/val/synth_net_0024.txt,synth_net,synth_net_0024,train,val,mask,synthetic,ghost_net,e337e0ee7aac3c39e8881192e03102276028d7f42c669874941fcc103f167389
Samudra_Prahari_Dataset_v2/Segmentation/images/val/synth_net_0026.jpg,Samudra_Prahari_Dataset_v2/Segmentation/labels/val/synth_net_0026.txt,synth_net,synth_net_0026,train,val,mask,synthetic,ghost_net,f211d538de676a64df5f7267f22b48edc0b4bea83a121f83480d8475afcbf552
Samudra_Prahari_Dataset_v2/Segmentation/images/val/synth_net_0032.jpg,Samudra_Prahari_Dataset_v2/Segmentation/labels/val/synth_net_0032.txt,synth_net,synth_net_0032,train,val,mask,synthetic,ghost_net,bd3ec6cde7674a6e2870b9ea243add1b804df61b55f769d5ff282de1f1cb742a
Samudra_Prahari_Dataset_v2/Segmentation/images/val/synth_net_0034.jpg,Samudra_Prahari_Dataset_v2/Segmentation/labels/val/synth_net_0034.txt,synth_net,synth_net_0034,test,val,mask,synthetic,ghost_net,f4d9b48852f26ec4184cbe468787d99abacaa94ab5b46e13f0bba53438016211
Samudra_Prahari_Dataset_v2/Segmentation/images/val/synth_net_0037.jpg,Samudra_Prahari_Dataset_v2/Segmentation/labels/val/synth_net_0037.txt,synth_net,synth_net_0037,train,val,mask,synthetic,ghost_net,d49619782f8f6608e738ec384571dfb71fb640c45a4d8f4f863b8aef148f27db
Samudra_Prahari_Dataset_v2/Segmentation/images/val/synth_net_0038.jpg,Samudra_Prahari_Dataset_v2/Segmentation/labels/val/synth_net_0038.txt,synth_net,synth_net_0038,train,val,mask,synthetic,ghost_net,a7a2733b22e8f4b000e25eb86a1124fc60759bddcce0fb73a47ca0083f6823c6
Samudra_Prahari_Dataset_v2/Segmentation/images/val/synth_net_0048.jpg,Samudra_Prahari_Dataset_v2/Segmentation/labels/val/synth_net_0048.txt,synth_net,synth_net_0048,train,val,mask,synthetic,ghost_net,36f5ea9b634005ca9baa4af0068e0cc3437688c3921c9ce56f2488bcbeb4566b
Samudra_Prahari_Dataset_v2/Segmentation/images/val/synth_net_0055.jpg,Samudra_Prahari_Dataset_v2/Segmentation/labels/val/synth_net_0055.txt,synth_net,synth_net_0055,test,val,mask,synthetic,ghost_net,1d41e2f1b4d82441e2aa7572d04e59210c815e64fc61ae718850d4dc3e06513a
Samudra_Prahari_Dataset_v2/Segmentation/images/val/synth_net_0073.jpg,Samudra_Prahari_Dataset_v2/Segmentation/labels/val/synth_net_0073.txt,synth_net,synth_net_0073,train,val,mask,synthetic,ghost_net,b82fd4f237af2fc49136afc18005e41dd13cee851e2aaaa90f8215e833430354
Samudra_Prahari_Dataset_v2/Segmentation/images/val/synth_net_0086.jpg,Samudra_Prahari_Dataset_v2/Segmentation/labels/val/synth_net_0086.txt,synth_net,synth_net_0086,train,val,mask,synthetic,ghost_net,eee7bd7d8b392e8d49f14f73ada8a95ce3438c831e347a188a50f27f3f140c50
Samudra_Prahari_Dataset_v2/Segmentation/images/val/synth_net_0089.jpg,Samudra_Prahari_Dataset_v2/Segmentation/labels/val/synth_net_0089.txt,synth_net,synth_net_0089,train,val,mask,synthetic,ghost_net,19587beeed8ee7272c02941a8dc69811d86e28be22cfebbb27303a93432bea23
Samudra_Prahari_Dataset_v2/Segmentation/images/val/synth_net_0100.jpg,Samudra_Prahari_Dataset_v2/Segmentation/labels/val/synth_net_0100.txt,synth_net,synth_net_0100,test,val,mask,synthetic,ghost_net,b9420645c7b10294e9424525de2b73ed0a4294f16c8b0caa32b172cb55473ef5
Samudra_Prahari_Dataset_v2/Segmentation/images/val/synth_net_0103.jpg,Samudra_Prahari_Dataset_v2/Segmentation/labels/val/synth_net_0103.txt,synth_net,synth_net_0103,train,val,mask,synthetic,ghost_net,2829d451c59f69fd7d04104f2d970aacc6b2ee8422b5987cc12259229232bd29
Samudra_Prahari_Dataset_v2/Segmentation/images/val/synth_net_0105.jpg,Samudra_Prahari_Dataset_v2/Segmentation/labels/val/synth_net_0105.txt,synth_net,synth_net_0105,train,val,mask,synthetic,ghost_net,c8fd1dcf129eead3986b763ba7050411a208017a715802c52062afd78a943da9
Samudra_Prahari_Dataset_v2/Segmentation/images/val/synth_net_0106.jpg,Samudra_Prahari_Dataset_v2/Segmentation/labels/val/synth_net_0106.txt,synth_net,synth_net_0106,train,val,mask,synthetic,ghost_net,abb6f2bb912b2dce1e8605ae55190ba568be3a3abf47071130360f5ff81931d7
Samudra_Prahari_Dataset_v2/Segmentation/images/val/synth_net_0107.jpg,Samudra_Prahari_Dataset_v2/Segmentation/labels/val/synth_net_0107.txt,synth_net,synth_net_0107,train,val,mask,synthetic,ghost_net,6e82bfc548bb733c7c39620317a1da216320651e85aafffec82573c235103218
Samudra_Prahari_Dataset_v2/Segmentation/images/val/synth_net_0113.jpg,Samudra_Prahari_Dataset_v2/Segmentation/labels/val/synth_net_0113.txt,synth_net,synth_net_0113,train,val,mask,synthetic,ghost_net,c518e45b81c4e0ce4cad4f32850d802396166cd59d126563f4f57229d493c237
Samudra_Prahari_Dataset_v2/Segmentation/images/val/synth_net_0115.jpg,Samudra_Prahari_Dataset_v2/Segmentation/labels/val/synth_net_0115.txt,synth_net,synth_net_0115,train,val,mask,synthetic,ghost_net,df3d9197dddbf71fda18e96a6833fea152e42f858e8e173aaeaa759b081ffa10
Samudra_Prahari_Dataset_v2/Segmentation/images/val/synth_net_0120.jpg,Samudra_Prahari_Dataset_v2/Segmentation/labels/val/synth_net_0120.txt,synth_net,synth_net_0120,train,val,mask,synthetic,ghost_net,f934cbbfe70356f440925729d3152e6966e40e1db351a546bc829d5568c23e32
Samudra_Prahari_Dataset_v2/Segmentation/images/val/synth_net_0123.jpg,Samudra_Prahari_Dataset_v2/Segmentation/labels/val/synth_net_0123.txt,synth_net,synth_net_0123,train,val,mask,synthetic,ghost_net,a7c001352c3b20a51dedb93f5acfe4d8b93cde64f03c91a1c94f8b084873eb8c
Samudra_Prahari_Dataset_v2/Segmentation/images/val/synth_net_0133.jpg,Samudra_Prahari_Dataset_v2/Segmentation/labels/val/synth_net_0133.txt,synth_net,synth_net_0133,val,val,mask,synthetic,ghost_net,9a2d77ce4af32c7b641389c8ae11047088e74a32766ca0737983bc0424a7e75a
Samudra_Prahari_Dataset_v2/Segmentation/images/val/synth_net_0139.jpg,Samudra_Prahari_Dataset_v2/Segmentation/labels/val/synth_net_0139.txt,synth_net,synth_net_0139,train,val,mask,synthetic,ghost_net,a83ea2f3efde54d611b96b539f0a416c32c40066a1a44d3926832be316a1ee93
Samudra_Prahari_Dataset_v2/Segmentation/images/val/synth_net_0144.jpg,Samudra_Prahari_Dataset_v2/Segmentation/labels/val/synth_net_0144.txt,synth_net,synth_net_0144,train,val,mask,synthetic,ghost_net,6d2f23d4a32fa6143fdc1bb00f8d9517f46866aa4dfd5d60caa6820cc1942a48
Samudra_Prahari_Dataset_v2/Segmentation/images/val/synth_net_0153.jpg,Samudra_Prahari_Dataset_v2/Segmentation/labels/val/synth_net_0153.txt,synth_net,synth_net_0153,train,val,mask,synthetic,ghost_net,30e5d5165c70d5e95ee11bdb28ef3b68c189a48ca0ccf7c2e1dec100383ad73b
Samudra_Prahari_Dataset_v2/Segmentation/images/val/synth_net_0158.jpg,Samudra_Prahari_Dataset_v2/Segmentation/labels/val/synth_net_0158.txt,synth_net,synth_net_0158,train,val,mask,synthetic,ghost_net,1e2853b13aa12a5c7fad89f351c02ae5a36150c8cbea566e88f2b595511a519c
Samudra_Prahari_Dataset_v2/Segmentation/images/val/synth_net_0159.jpg,Samudra_Prahari_Dataset_v2/Segmentation/labels/val/synth_net_0159.txt,synth_net,synth_net_0159,test,val,mask,synthetic,ghost_net,8720f9bf1521986d5301cbc37af56840480cf827b34eed7ad09a2c88b6d99401
Samudra_Prahari_Dataset_v2/Segmentation/images/val/synth_net_0173.jpg,Samudra_Prahari_Dataset_v2/Segmentation/labels/val/synth_net_0173.txt,synth_net,synth_net_0173,train,val,mask,synthetic,ghost_net,01725fd3828856814bffab38df87016514f5f513157e4b7740c225d17111c725
Samudra_Prahari_Dataset_v2/Segmentation/images/val/synth_net_0181.jpg,Samudra_Prahari_Dataset_v2/Segmentation/labels/val/synth_net_0181.txt,synth_net,synth_net_0181,train,val,mask,synthetic,ghost_net,091a4de6958b2427bf5ee3ff2c68d88e5f0111c7a6e6ce23548c62d275f03e60
Samudra_Prahari_Dataset_v2/Segmentation/images/val/synth_net_0189.jpg,Samudra_Prahari_Dataset_v2/Segmentation/labels/val/synth_net_0189.txt,synth_net,synth_net_0189,train,val,mask,synthetic,ghost_net,589d29c2ff86112b14ee764521b9439113dc6a410bea6dc2a82aca38cd89e3aa
Samudra_Prahari_Dataset_v2/Segmentation/images/val/synth_net_0190.jpg,Samudra_Prahari_Dataset_v2/Segmentation/labels/val/synth_net_0190.txt,synth_net,synth_net_0190,train,val,mask,synthetic,ghost_net,b878d651093bf9f7feac14497d8b16fed8f2386303fcc906a4840fb1ecc615da
Samudra_Prahari_Dataset_v2/Segmentation/images/val/synth_net_0192.jpg,Samudra_Prahari_Dataset_v2/Segmentation/labels/val/synth_net_0192.txt,synth_net,synth_net_0192,val,val,mask,synthetic,ghost_net,e9909cf9654ed054a8405ec9e34a7ebcefb7f3ad0b7727432def1cae9dbbb292
Samudra_Prahari_Dataset_v2/Segmentation/images/val/synth_net_0205.jpg,Samudra_Prahari_Dataset_v2/Segmentation/labels/val/synth_net_0205.txt,synth_net,synth_net_0205,train,val,mask,synthetic,ghost_net,fd4079fdb600823ffde797077fb04b0989f8373969a93bb9e8d632fdc10bf888
Samudra_Prahari_Dataset_v2/Segmentation/images/val/synth_net_0206.jpg,Samudra_Prahari_Dataset_v2/Segmentation/labels/val/synth_net_0206.txt,synth_net,synth_net_0206,test,val,mask,synthetic,ghost_net,a3562ceee042cbeac7a1f7c8880603aa10f33236a853e45a78edaf0f0756d44e
Samudra_Prahari_Dataset_v2/Segmentation/images/val/synth_net_0208.jpg,Samudra_Prahari_Dataset_v2/Segmentation/labels/val/synth_net_0208.txt,synth_net,synth_net_0208,test,val,mask,synthetic,ghost_net,5bf7f5f12bbdabfa024b0264e6b4b7ffc3fecd20739fecd34502fa4a513cf106
Samudra_Prahari_Dataset_v2/Segmentation/images/val/synth_net_0220.jpg,Samudra_Prahari_Dataset_v2/Segmentation/labels/val/synth_net_0220.txt,synth_net,synth_net_0220,train,val,mask,synthetic,ghost_net,86568ced554df57295a81f818edfd5c7bb6506a1efd638be0e0cc8a959c924f8
Samudra_Prahari_Dataset_v2/Segmentation/images/val/synth_net_0224.jpg,Samudra_Prahari_Dataset_v2/Segmentation/labels/val/synth_net_0224.txt,synth_net,synth_net_0224,train,val,mask,synthetic,ghost_net,15b94c46e38a29242f737b597dfe6fcdc257d17186f1dbe6967dd1288719f0cf
Samudra_Prahari_Dataset_v2/Segmentation/images/val/synth_net_0225.jpg,Samudra_Prahari_Dataset_v2/Segmentation/labels/val/synth_net_0225.txt,synth_net,synth_net_0225,train,val,mask,synthetic,ghost_net,670f1db81598069e875794763596282590405aed491c03e8209eec650c1becf3
Samudra_Prahari_Dataset_v2/Segmentation/images/val/synth_net_0231.jpg,Samudra_Prahari_Dataset_v2/Segmentation/labels/val/synth_net_0231.txt,synth_net,synth_net_0231,test,val,mask,synthetic,ghost_net,45c79ccd8982d7dc42fe2102c59a006defe660fae2d7a69e065ace2db1faaebb
Samudra_Prahari_Dataset_v2/Segmentation/images/val/synth_net_0233.jpg,Samudra_Prahari_Dataset_v2/Segmentation/labels/val/synth_net_0233.txt,synth_net,synth_net_0233,train,val,mask,synthetic,ghost_net,5b6dbb53936a977938d9a8b8dd060ca809e8e5780f23578d0b13cde318228f7d
Samudra_Prahari_Dataset_v2/Segmentation/images/val/synth_net_0239.jpg,Samudra_Prahari_Dataset_v2/Segmentation/labels/val/synth_net_0239.txt,synth_net,synth_net_0239,train,val,mask,synthetic,ghost_net,c8a8996836a6f69601b333636be5e898da7f23a82c0f02e0f2e0373aeb4e30da
Samudra_Prahari_Dataset_v2/Segmentation/images/val/synth_net_0242.jpg,Samudra_Prahari_Dataset_v2/Segmentation/labels/val/synth_net_0242.txt,synth_net,synth_net_0242,val,val,mask,synthetic,ghost_net,a8dc713dd040d3981afc8b3daad1949531440e664ace87d1be6eda09767edb4f
Samudra_Prahari_Dataset_v2/Segmentation/images/val/synth_net_0245.jpg,Samudra_Prahari_Dataset_v2/Segmentation/labels/val/synth_net_0245.txt,synth_net,synth_net_0245,val,val,mask,synthetic,ghost_net,ee4f74302b0fa67507dc309fa3fce0b3814e5d797cdd75788f690b3587578800
Samudra_Prahari_Dataset_v2/Segmentation/images/val/synth_net_0246.jpg,Samudra_Prahari_Dataset_v2/Segmentation/labels/val/synth_net_0246.txt,synth_net,synth_net_0246,train,val,mask,synthetic,ghost_net,235348003b2cf8ab10afe8c6f54b81821203beca9ac487722580095720d51bde
Samudra_Prahari_Dataset_v2/Segmentation/images/val/synth_net_0250.jpg,Samudra_Prahari_Dataset_v2/Segmentation/labels/val/synth_net_0250.txt,synth_net,synth_net_0250,train,val,mask,synthetic,ghost_net,cf3b3a68ebe13db32b2b5c9001077c1ab2309786c69e24b5ae28852c40cf032a
Samudra_Prahari_Dataset_v2/Segmentation/images/val/synth_net_0251.jpg,Samudra_Prahari_Dataset_v2/Segmentation/labels/val/synth_net_0251.txt,synth_net,synth_net_0251,train,val,mask,synthetic,ghost_net,a05b0a80f65d487f6077ab712ac672fd6a0643b873a165719928c4992ae2878c
Samudra_Prahari_Dataset_v2/Segmentation/images/val/synth_net_0252.jpg,Samudra_Prahari_Dataset_v2/Segmentation/labels/val/synth_net_0252.txt,synth_net,synth_net_0252,train,val,mask,synthetic,ghost_net,c7cabf3c82752cbe166a61bc01d96b2fd021f444ed8d899f40bdbda2d71c2435
Samudra_Prahari_Dataset_v2/Segmentation/images/val/synth_net_0253.jpg,Samudra_Prahari_Dataset_v2/Segmentation/labels/val/synth_net_0253.txt,synth_net,synth_net_0253,train,val,mask,synthetic,ghost_net,05ad4c8687823f6c0d1c8ca783ce7620e5bfd9c1c9c4c058334d21aeab2567ab
Samudra_Prahari_Dataset_v2/Segmentation/images/val/synth_net_0261.jpg,Samudra_Prahari_Dataset_v2/Segmentation/labels/val/synth_net_0261.txt,synth_net,synth_net_0261,train,val,mask,synthetic,ghost_net,0327677dc4c1aeae7e0750c1d90cd5f2bc36afa4471c61e47621911019315c62
Samudra_Prahari_Dataset_v2/Segmentation/images/val/synth_net_0268.jpg,Samudra_Prahari_Dataset_v2/Segmentation/labels/val/synth_net_0268.txt,synth_net,synth_net_0268,train,val,mask,synthetic,ghost_net,2e5bfc83d765d4ddd52b0e3d5c0e169a0745a1ded13165338fc32cc92ae699ab
Samudra_Prahari_Dataset_v2/Segmentation/images/val/synth_net_0269.jpg,Samudra_Prahari_Dataset_v2/Segmentation/labels/val/synth_net_0269.txt,synth_net,synth_net_0269,train,val,mask,synthetic,ghost_net,736498a9644c66a68e2c24f12473f5bc7d027d4f4c2fa8510e72d96a1e2c7641
Samudra_Prahari_Dataset_v2/Segmentation/images/val/synth_net_0276.jpg,Samudra_Prahari_Dataset_v2/Segmentation/labels/val/synth_net_0276.txt,synth_net,synth_net_0276,train,val,mask,synthetic,ghost_net,ca28e0c1760e8eaa25dae4a9dddc23b91ec57f74309796eec9b67ceab43692fb
Samudra_Prahari_Dataset_v2/Segmentation/images/val/synth_net_0283.jpg,Samudra_Prahari_Dataset_v2/Segmentation/labels/val/synth_net_0283.txt,synth_net,synth_net_0283,train,val,mask,synthetic,ghost_net,a85b90daa7f1a114aafb1965f41aca920c7f1d2bd99918bb6840e22ea9677c1e
Samudra_Prahari_Dataset_v2/Segmentation/images/val/synth_net_0284.jpg,Samudra_Prahari_Dataset_v2/Segmentation/labels/val/synth_net_0284.txt,synth_net,synth_net_0284,train,val,mask,synthetic,ghost_net,2a87c577a625a4e40f8831119b1ffb6cfb43ce07893b26966130c8c81c29a44b
Samudra_Prahari_Dataset_v2/Segmentation/images/val/synth_net_0291.jpg,Samudra_Prahari_Dataset_v2/Segmentation/labels/val/synth_net_0291.txt,synth_net,synth_net_0291,train,val,mask,synthetic,ghost_net,dd5cd9838b6bc60bd58fcafb4c56947009827d4ddee8cb634df4a90ee91327f4
Samudra_Prahari_Dataset_v2/Segmentation/images/val/synth_net_0295.jpg,Samudra_Prahari_Dataset_v2/Segmentation/labels/val/synth_net_0295.txt,synth_net,synth_net_0295,test,val,mask,synthetic,ghost_net,b9e4c0b3d0f791bafe1f1dbafbd52bee00d0d465fd8046b355a821633b849426
Samudra_Prahari_Dataset_v2/Segmentation/images/val/synth_net_0297.jpg,Samudra_Prahari_Dataset_v2/Segmentation/labels/val/synth_net_0297.txt,synth_net,synth_net_0297,train,val,mask,synthetic,ghost_net,2e60496b8e6aae8201985fb222259b2a23b73041b5df55f81f1bb40e51037e3f
